抽样组,编号,标题,标签,播放量,规则判定,规则理由,规则得分,规则明细,大模型相关性,大模型主题,大模型产品线,大模型置信度,投票一致率,大模型理由,不确定性,人工核对(填A/B/C/N),人工复核(2轮),人工备注
随机(度量用),1,【迪仔】9款主流宠物饮水机实测，买错真的害了猫！,"猫咪,猫咪饮水机,2023热门年度盘点,智能家居,评测,横评,黑科技,宠物饮水机,2023科技年度盘点,饮水机,宠物",151511,A,,"{""A"": 2.8}","{""LF_NOISE"": {""vote"": null, ""hits"": []}, ""LF_GAME"": {""vote"": null, ""hits"": []}, ""LF_BRAND"": {""vote"": null, ""hits"": []}, ""LF_HW"": {""vote"": null, ""hits"": [""饮水机""]}, ""LF_PET"": {""vote"": null, ""hits"": [""猫"", ""宠物"", ""猫咪""]}, ""LF_SMART"": {""vote"": null, ""hits"": [""智能""]}, ""LF_SUPPLY"": {""vote"": null, ""hits"": []}, ""LF_HEALTH"": {""vote"": null, ""hits"": []}, ""LF_A_BRAND_HW"": {""vote"": null, ""hits"": []}, ""LF_A_PET_HW_SMART"": {""vote"": ""A"", ""hits"": [""智能""]}, ""LF_B_PET_HW_PLAIN"": {""vote"": null, ""hits"": []}, ""LF_C_PET_ONLY"": {""vote"": null, ""hits"": []}}",A,硬件产品,饮水机,0.95,,宠物饮水机横评,0.05,A,,
随机(度量用),2,连夜给主子换水槽后 它开始主动喝水了？,"猫猫,循环,饮水器,主子,猫咪,喵星人,饮水机,水槽,喝水,静音",1011,A,,"{""B"": 1.1, ""A"": 1.5}","{""LF_NOISE"": {""vote"": null, ""hits"": []}, ""LF_GAME"": {""vote"": null, ""hits"": []}, ""LF_BRAND"": {""vote"": null, ""hits"": []}, ""LF_HW"": {""vote"": null, ""hits"": [""饮水机"", ""饮水器""]}, ""LF_PET"": {""vote"": null, ""hits"": [""猫"", ""喵"", ""主子"", ""猫咪""]}, ""LF_SMART"": {""vote"": null, ""hits"": []}, ""LF_SUPPLY"": {""vote"": null, ""hits"": []}, ""LF_HEALTH"": {""vote"": null, ""hits"": []}, ""LF_A_BRAND_HW"": {""vote"": null, ""hits"": []}, ""LF_A_PET_HW_SMART"": {""vote"": null, ""hits"": []}, ""LF_B_PET_HW_PLAIN"": {""vote"": ""B"", ""hits"": [""饮水机"", ""饮水器""]}, ""LF_C_PET_ONLY"": {""vote"": null, ""hits"": []}}",A,硬件产品,饮水机,1,1,换水槽饮水机促猫喝水,0.4231,A,,
随机(度量用),3,怕吹风机的狗狗有福啦 洗澡后可以直接用烘干箱吹干喽,"宠物美容,萌宠,狗,宠物",1618,A,,"{""N"": 0.45, ""B"": 1.1, ""A"": 1.5}","{""LF_NOISE"": {""vote"": ""N"", ""hits"": [""吹风机""]}, ""LF_GAME"": {""vote"": null, ""hits"": []}, ""LF_BRAND"": {""vote"": null, ""hits"": []}, ""LF_HW"": {""vote"": null, ""hits"": [""烘干箱""]}, ""LF_PET"": {""vote"": null, ""hits"": [""狗"", ""宠物"", ""狗狗""]}, ""LF_SMART"": {""vote"": null, ""hits"": []}, ""LF_SUPPLY"": {""vote"": null, ""hits"": []}, ""LF_HEALTH"": {""vote"": null, ""hits"": []}, ""LF_A_BRAND_HW"": {""vote"": null, ""hits"": []}, ""LF_A_PET_HW_SMART"": {""vote"": null, ""hits"": []}, ""LF_B_PET_HW_PLAIN"": {""vote"": ""B"", ""hits"": [""烘干箱""]}, ""LF_C_PET_ONLY"": {""vote"": null, ""hits"": []}}",A,硬件产品,烘干箱,0.9,,宠物烘干箱使用场景,0.4345,A,,
随机(度量用),4,【机皇榜】2025双11&amp;国补空气净化器推荐TOP10榜单，2k到6k + 全价位推荐， 美的/树新风 /小米等各大品牌优选型号推荐！,"避坑指南,美的宠物空气净化器,选购攻略,352,家电,装修,双十一,空气净化器,国补,家装",198996,A,,"{""B"": 1.1, ""A"": 1.5}","{""LF_NOISE"": {""vote"": null, ""hits"": []}, ""LF_GAME"": {""vote"": null, ""hits"": []}, ""LF_BRAND"": {""vote"": null, ""hits"": []}, ""LF_HW"": {""vote"": null, ""hits"": [""净化器""]}, ""LF_PET"": {""vote"": null, ""hits"": [""宠物""]}, ""LF_SMART"": {""vote"": null, ""hits"": []}, ""LF_SUPPLY"": {""vote"": null, ""hits"": []}, ""LF_HEALTH"": {""vote"": null, ""hits"": []}, ""LF_A_BRAND_HW"": {""vote"": null, ""hits"": []}, ""LF_A_PET_HW_SMART"": {""vote"": null, ""hits"": []}, ""LF_B_PET_HW_PLAIN"": {""vote"": ""B"", ""hits"": [""净化器""]}, ""LF_C_PET_ONLY"": {""vote"": null, ""hits"": []}}",A,硬件产品,净化器,0.9,,含美的宠物空气净化器推荐,0.4231,A,,
随机(度量用),5,【智能宠物喂食器推荐】Hiigge吉雪仓宠物智能称重无线自动喂食器｜猫狗定时定量喂食神器,"科技猎手,测评,国家补贴,智能,猫狗,喵星人,宠物医院,宠物店,无线,宠物",118,A,,"{""C"": 0.9, ""A"": 2.8}","{""LF_NOISE"": {""vote"": null, ""hits"": []}, ""LF_GAME"": {""vote"": null, ""hits"": []}, ""LF_BRAND"": {""vote"": null, ""hits"": []}, ""LF_HW"": {""vote"": null, ""hits"": [""喂食器""]}, ""LF_PET"": {""vote"": null, ""hits"": [""猫"", ""狗"", ""宠物"", ""喵""]}, ""LF_SMART"": {""vote"": null, ""hits"": [""智能"", ""自动"", ""无线"", ""定时""]}, ""LF_SUPPLY"": {""vote"": null, ""hits"": []}, ""LF_HEALTH"": {""vote"": ""C"", ""hits"": [""医院""]}, ""LF_A_BRAND_HW"": {""vote"": null, ""hits"": []}, ""LF_A_PET_HW_SMART"": {""vote"": ""A"", ""hits"": [""智能"", ""自动"", ""无线"", ""定时""]}, ""LF_B_PET_HW_PLAIN"": {""vote"": null, ""hits"": []}, ""LF_C_PET_ONLY"": {""vote"": null, ""hits"": []}}",A,硬件产品,喂食器,0.95,,Hiigge智能喂食器推荐,0.2432,A,,
随机(度量用),6,小佩加温器SE 使用及清洗视频,"饮水机,加热,猫咪,宠物,加温",26930,A,,"{""A"": 3.1, ""B"": 1.1}","{""LF_NOISE"": {""vote"": null, ""hits"": []}, ""LF_GAME"": {""vote"": null, ""hits"": []}, ""LF_BRAND"": {""vote"": null, ""hits"": [""小佩""]}, ""LF_HW"": {""vote"": null, ""hits"": [""饮水机""]}, ""LF_PET"": {""vote"": null, ""hits"": [""猫"", ""宠物"", ""猫咪""]}, ""LF_SMART"": {""vote"": null, ""hits"": []}, ""LF_SUPPLY"": {""vote"": null, ""hits"": []}, ""LF_HEALTH"": {""vote"": null, ""hits"": []}, ""LF_A_BRAND_HW"": {""vote"": ""A"", ""hits"": [""小佩"", ""饮水机""]}, ""LF_A_PET_HW_SMART"": {""vote"": null, ""hits"": []}, ""LF_B_PET_HW_PLAIN"": {""vote"": ""B"", ""hits"": [""饮水机""]}, ""LF_C_PET_ONLY"": {""vote"": null, ""hits"": []}}",A,硬件产品,饮水机,0.9,,小佩饮水机加温器使用清洗,0.2619,A,,
随机(度量用),7,【称重校准无APP版】PROX智能猫砂盆,"智能家居,智能,教程,猫砂盆,CATLINK",3919,A,,"{""B"": 0.9, ""A"": 4.4}","{""LF_NOISE"": {""vote"": null, ""hits"": []}, ""LF_GAME"": {""vote"": null, ""hits"": []}, ""LF_BRAND"": {""vote"": null, ""hits"": [""catlink""]}, ""LF_HW"": {""vote"": null, ""hits"": [""猫砂盆""]}, ""LF_PET"": {""vote"": null, ""hits"": [""猫""]}, ""LF_SMART"": {""vote"": null, ""hits"": [""智能"", ""app""]}, ""LF_SUPPLY"": {""vote"": ""B"", ""hits"": [""猫砂""]}, ""LF_HEALTH"": {""vote"": null, ""hits"": []}, ""LF_A_BRAND_HW"": {""vote"": ""A"", ""hits"": [""catlink"", ""猫砂盆""]}, ""LF_A_PET_HW_SMART"": {""vote"": ""A"", ""hits"": [""智能"", ""app""]}, ""LF_B_PET_HW_PLAIN"": {""vote"": null, ""hits"": []}, ""LF_C_PET_ONLY"": {""vote"": null, ""hits"": []}}",A,硬件产品,猫砂盆,0.95,,PROX智能猫砂盆称重校准,0.1698,A,,
随机(度量用),8,给猫咪买的饮水机已沦为玩具，猫:自己的洗脚水，自己喝！,"萌宠vlog,猫片,宠物猫,曼基康,萌宠奥斯卡,猫",69299,B,,"{""B"": 2.0, ""A"": 1.5}","{""LF_NOISE"": {""vote"": null, ""hits"": []}, ""LF_GAME"": {""vote"": null, ""hits"": []}, ""LF_BRAND"": {""vote"": null, ""hits"": []}, ""LF_HW"": {""vote"": null, ""hits"": [""饮水机""]}, ""LF_PET"": {""vote"": null, ""hits"": [""猫"", ""宠物"", ""猫咪""]}, ""LF_SMART"": {""vote"": null, ""hits"": []}, ""LF_SUPPLY"": {""vote"": ""B"", ""hits"": [""玩具""]}, ""LF_HEALTH"": {""vote"": null, ""hits"": []}, ""LF_A_BRAND_HW"": {""vote"": null, ""hits"": []}, ""LF_A_PET_HW_SMART"": {""vote"": null, ""hits"": []}, ""LF_B_PET_HW_PLAIN"": {""vote"": ""B"", ""hits"": [""饮水机""]}, ""LF_C_PET_ONLY"": {""vote"": null, ""hits"": []}}",A,硬件产品,饮水机,0.8,,猫咪饮水机沦为玩具,0.85,C,C,"这个视频讲的是up主记录猫咪玩自己的智能饮水机里的水,算日常吧"
随机(度量用),9,网络热门宠物视频鉴定30——“假猫条”用法、喂食器吓到猫,"猫咪的迷惑行为,动物总动员-陪小动物过夏天,喵星人,动物总动员,养猫,萌宠,猫,喂食器,猫条,宠物知识,宠物",61808,B,,"{""B"": 2.0, ""A"": 1.5}","{""LF_NOISE"": {""vote"": null, ""hits"": []}, ""LF_GAME"": {""vote"": null, ""hits"": []}, ""LF_BRAND"": {""vote"": null, ""hits"": []}, ""LF_HW"": {""vote"": null, ""hits"": [""喂食器""]}, ""LF_PET"": {""vote"": null, ""hits"": [""猫"", ""宠物"", ""喵"", ""猫咪""]}, ""LF_SMART"": {""vote"": null, ""hits"": []}, ""LF_SUPPLY"": {""vote"": ""B"", ""hits"": [""猫条""]}, ""LF_HEALTH"": {""vote"": null, ""hits"": []}, ""LF_A_BRAND_HW"": {""vote"": null, ""hits"": []}, ""LF_A_PET_HW_SMART"": {""vote"": null, ""hits"": []}, ""LF_B_PET_HW_PLAIN"": {""vote"": ""B"", ""hits"": [""喂食器""]}, ""LF_C_PET_ONLY"": {""vote"": null, ""hits"": []}}",A,日常vlog,,1,1,宠物视频鉴定，喂食器吓猫,0.85,C,,这是鉴定宠物热门事件真假的视频
随机(度量用),10,catlink胖宝到货，说是买给它们的礼物，实则是买给自己的，解放双手了-7556103263353556283,"开箱,盲盒,可爱",185,A,,"{""A"": 1.5}","{""LF_NOISE"": {""vote"": null, ""hits"": []}, ""LF_GAME"": {""vote"": null, ""hits"": []}, ""LF_BRAND"": {""vote"": null, ""hits"": [""catlink""]}, ""LF_HW"": {""vote"": null, ""hits"": []}, ""LF_PET"": {""vote"": null, ""hits"": []}, ""LF_SMART"": {""vote"": null, ""hits"": []}, ""LF_SUPPLY"": {""vote"": null, ""hits"": []}, ""LF_HEALTH"": {""vote"": null, ""hits"": []}, ""LF_A_BRAND_HW"": {""vote"": null, ""hits"": []}, ""LF_A_PET_HW_SMART"": {""vote"": null, ""hits"": []}, ""LF_B_PET_HW_PLAIN"": {""vote"": null, ""hits"": []}, ""LF_C_PET_ONLY"": {""vote"": null, ""hits"": []}}",A,硬件产品,猫砂盆,0.85,,catlink胖宝猫砂盆开箱,0.15,A,,
随机(度量用),11,一种家用智能猫砂盆,"机械,智能,设计",1017,A,,"{""B"": 0.9, ""A"": 2.8}","{""LF_NOISE"": {""vote"": null, ""hits"": []}, ""LF_GAME"": {""vote"": null, ""hits"": []}, ""LF_BRAND"": {""vote"": null, ""hits"": []}, ""LF_HW"": {""vote"": null, ""hits"": [""猫砂盆""]}, ""LF_PET"": {""vote"": null, ""hits"": [""猫""]}, ""LF_SMART"": {""vote"": null, ""hits"": [""智能""]}, ""LF_SUPPLY"": {""vote"": ""B"", ""hits"": [""猫砂""]}, ""LF_HEALTH"": {""vote"": null, ""hits"": []}, ""LF_A_BRAND_HW"": {""vote"": null, ""hits"": []}, ""LF_A_PET_HW_SMART"": {""vote"": ""A"", ""hits"": [""智能""]}, ""LF_B_PET_HW_PLAIN"": {""vote"": null, ""hits"": []}, ""LF_C_PET_ONLY"": {""vote"": null, ""hits"": []}}",A,硬件DIY,猫砂盆,0.8,,家用智能猫砂盆设计,0.2432,A,,
随机(度量用),12,天热猫咪一定要多喝水，安排这个自动饮水机，猫咪看到就会主动喝！,"循环,猫咪,喵星人,流动,饮水,饮水机,安利,自动,静音,宠物",30252,A,,"{""A"": 2.8}","{""LF_NOISE"": {""vote"": null, ""hits"": []}, ""LF_GAME"": {""vote"": null, ""hits"": []}, ""LF_BRAND"": {""vote"": null, ""hits"": []}, ""LF_HW"": {""vote"": null, ""hits"": [""饮水机""]}, ""LF_PET"": {""vote"": null, ""hits"": [""猫"", ""宠物"", ""喵"", ""猫咪""]}, ""LF_SMART"": {""vote"": null, ""hits"": [""自动""]}, ""LF_SUPPLY"": {""vote"": null, ""hits"": []}, ""LF_HEALTH"": {""vote"": null, ""hits"": []}, ""LF_A_BRAND_HW"": {""vote"": null, ""hits"": []}, ""LF_A_PET_HW_SMART"": {""vote"": ""A"", ""hits"": [""自动""]}, ""LF_B_PET_HW_PLAIN"": {""vote"": null, ""hits"": []}, ""LF_C_PET_ONLY"": {""vote"": null, ""hits"": []}}",A,硬件产品,饮水机,0.85,,安利自动饮水机,0.15,A,,
随机(度量用),13,小佩自动猫砂盆一年使用感受,"必剪创作,随手记录我的生活碎片,小佩自动猫砂盆,家居,分享",33977,A,,"{""B"": 0.9, ""A"": 4.4}","{""LF_NOISE"": {""vote"": null, ""hits"": []}, ""LF_GAME"": {""vote"": null, ""hits"": []}, ""LF_BRAND"": {""vote"": null, ""hits"": [""小佩""]}, ""LF_HW"": {""vote"": null, ""hits"": [""猫砂盆""]}, ""LF_PET"": {""vote"": null, ""hits"": [""猫""]}, ""LF_SMART"": {""vote"": null, ""hits"": [""自动""]}, ""LF_SUPPLY"": {""vote"": ""B"", ""hits"": [""猫砂""]}, ""LF_HEALTH"": {""vote"": null, ""hits"": []}, ""LF_A_BRAND_HW"": {""vote"": ""A"", ""hits"": [""小佩"", ""猫砂盆""]}, ""LF_A_PET_HW_SMART"": {""vote"": ""A"", ""hits"": [""自动""]}, ""LF_B_PET_HW_PLAIN"": {""vote"": null, ""hits"": []}, ""LF_C_PET_ONLY"": {""vote"": null, ""hits"": []}}",A,硬件产品,猫砂盆,0.95,,小佩自动猫砂盆使用感受,0.1698,A,,
随机(度量用),14,小佩智能全自动猫厕所MAX安装使用视频,"原创,日常,安装教程,猫,安装",532164,A,,"{""A"": 4.4}","{""LF_NOISE"": {""vote"": null, ""hits"": []}, ""LF_GAME"": {""vote"": null, ""hits"": []}, ""LF_BRAND"": {""vote"": null, ""hits"": [""小佩""]}, ""LF_HW"": {""vote"": null, ""hits"": [""猫厕所""]}, ""LF_PET"": {""vote"": null, ""hits"": [""猫""]}, ""LF_SMART"": {""vote"": null, ""hits"": [""智能"", ""自动"", ""全自动""]}, ""LF_SUPPLY"": {""vote"": null, ""hits"": []}, ""LF_HEALTH"": {""vote"": null, ""hits"": []}, ""LF_A_BRAND_HW"": {""vote"": ""A"", ""hits"": [""小佩"", ""猫厕所""]}, ""LF_A_PET_HW_SMART"": {""vote"": ""A"", ""hits"": [""智能"", ""自动"", ""全自动""]}, ""LF_B_PET_HW_PLAIN"": {""vote"": null, ""hits"": []}, ""LF_C_PET_ONLY"": {""vote"": null, ""hits"": []}}",A,硬件产品,猫砂盆,0.95,,小佩智能全自动猫厕所安装,0.05,A,,
随机(度量用),15,DIY猫咪自动饮水机 众所周知 在B站是能学到知识的,"手工,喵星人,分享DIY制作,必剪创作",411,A,,"{""A"": 2.8}","{""LF_NOISE"": {""vote"": null, ""hits"": []}, ""LF_GAME"": {""vote"": null, ""hits"": []}, ""LF_BRAND"": {""vote"": null, ""hits"": []}, ""LF_HW"": {""vote"": null, ""hits"": [""饮水机""]}, ""LF_PET"": {""vote"": null, ""hits"": [""猫"", ""喵"", ""猫咪""]}, ""LF_SMART"": {""vote"": null, ""hits"": [""自动""]}, ""LF_SUPPLY"": {""vote"": null, ""hits"": []}, ""LF_HEALTH"": {""vote"": null, ""hits"": []}, ""LF_A_BRAND_HW"": {""vote"": null, ""hits"": []}, ""LF_A_PET_HW_SMART"": {""vote"": ""A"", ""hits"": [""自动""]}, ""LF_B_PET_HW_PLAIN"": {""vote"": null, ""hits"": []}, ""LF_C_PET_ONLY"": {""vote"": null, ""hits"": []}}",A,硬件DIY,饮水机,0.85,,DIY猫咪自动饮水机教程,0.15,A,,
随机(度量用),16,4款自动猫砂盆对比测评！铲屎官该怎么选？,"喵星人,智能猫砂盆,全自动猫砂盆,自动铲屎机,养猫,自动化铲屎,自动猫砂盆",354,A,,"{""B"": 0.9, ""A"": 2.8}","{""LF_NOISE"": {""vote"": null, ""hits"": []}, ""LF_GAME"": {""vote"": null, ""hits"": []}, ""LF_BRAND"": {""vote"": null, ""hits"": []}, ""LF_HW"": {""vote"": null, ""hits"": [""猫砂盆"", ""铲屎机""]}, ""LF_PET"": {""vote"": null, ""hits"": [""猫"", ""喵"", ""铲屎""]}, ""LF_SMART"": {""vote"": null, ""hits"": [""智能"", ""自动"", ""全自动""]}, ""LF_SUPPLY"": {""vote"": ""B"", ""hits"": [""猫砂""]}, ""LF_HEALTH"": {""vote"": null, ""hits"": []}, ""LF_A_BRAND_HW"": {""vote"": null, ""hits"": []}, ""LF_A_PET_HW_SMART"": {""vote"": ""A"", ""hits"": [""智能"", ""自动"", ""全自动""]}, ""LF_B_PET_HW_PLAIN"": {""vote"": null, ""hits"": []}, ""LF_C_PET_ONLY"": {""vote"": null, ""hits"": []}}",A,硬件产品,猫砂盆,0.95,,自动猫砂盆横评,0.2432,A,,
随机(度量用),17,宠猫狂魔为自家猫咪亲自测试，深度体验宠物烘干箱,"萌新UP主夏令营,宠物烘干箱,搞笑,猫咪烘干机,铲屎官,猫咪",4806,A,,"{""B"": 1.1, ""A"": 1.5}","{""LF_NOISE"": {""vote"": null, ""hits"": []}, ""LF_GAME"": {""vote"": null, ""hits"": []}, ""LF_BRAND"": {""vote"": null, ""hits"": []}, ""LF_HW"": {""vote"": null, ""hits"": [""烘干箱"", ""烘干机""]}, ""LF_PET"": {""vote"": null, ""hits"": [""猫"", ""宠物"", ""铲屎"", ""猫咪""]}, ""LF_SMART"": {""vote"": null, ""hits"": []}, ""LF_SUPPLY"": {""vote"": null, ""hits"": []}, ""LF_HEALTH"": {""vote"": null, ""hits"": []}, ""LF_A_BRAND_HW"": {""vote"": null, ""hits"": []}, ""LF_A_PET_HW_SMART"": {""vote"": null, ""hits"": []}, ""LF_B_PET_HW_PLAIN"": {""vote"": ""B"", ""hits"": [""烘干箱"", ""烘干机""]}, ""LF_C_PET_ONLY"": {""vote"": null, ""hits"": []}}",A,硬件产品,烘干箱,0.9,,宠物烘干箱深度体验,0.4231,A,,
随机(度量用),18,宠物自动饮水机漏电是正常现象？视频实测真的有产品安全没问题,"猫,狗狗,萌宠,原创,测评",5664,A,,"{""A"": 2.8}","{""LF_NOISE"": {""vote"": null, ""hits"": []}, ""LF_GAME"": {""vote"": null, ""hits"": []}, ""LF_BRAND"": {""vote"": null, ""hits"": []}, ""LF_HW"": {""vote"": null, ""hits"": [""饮水机""]}, ""LF_PET"": {""vote"": null, ""hits"": [""猫"", ""狗"", ""宠物"", ""狗狗""]}, ""LF_SMART"": {""vote"": null, ""hits"": [""自动""]}, ""LF_SUPPLY"": {""vote"": null, ""hits"": []}, ""LF_HEALTH"": {""vote"": null, ""hits"": []}, ""LF_A_BRAND_HW"": {""vote"": null, ""hits"": []}, ""LF_A_PET_HW_SMART"": {""vote"": ""A"", ""hits"": [""自动""]}, ""LF_B_PET_HW_PLAIN"": {""vote"": null, ""hits"": []}, ""LF_C_PET_ONLY"": {""vote"": null, ""hits"": []}}",A,硬件产品,饮水机,0.95,,宠物自动饮水机漏电实测,0.05,A,,
随机(度量用),19,【爬宠设备】爬宠加热垫事宜第一期,"创作加成计划,爬宠,蜈蚣,打卡挑战,异宠,宠物,爬虫,昆虫",1506,A,,"{""B"": 1.1, ""A"": 1.5}","{""LF_NOISE"": {""vote"": null, ""hits"": []}, ""LF_GAME"": {""vote"": null, ""hits"": []}, ""LF_BRAND"": {""vote"": null, ""hits"": []}, ""LF_HW"": {""vote"": null, ""hits"": [""加热垫""]}, ""LF_PET"": {""vote"": null, ""hits"": [""宠物"", ""爬宠""]}, ""LF_SMART"": {""vote"": null, ""hits"": []}, ""LF_SUPPLY"": {""vote"": null, ""hits"": []}, ""LF_HEALTH"": {""vote"": null, ""hits"": []}, ""LF_A_BRAND_HW"": {""vote"": null, ""hits"": []}, ""LF_A_PET_HW_SMART"": {""vote"": null, ""hits"": []}, ""LF_B_PET_HW_PLAIN"": {""vote"": ""B"", ""hits"": [""加热垫""]}, ""LF_C_PET_ONLY"": {""vote"": null, ""hits"": []}}",A,硬件产品,,0.75,0.75,爬宠加热垫设备介绍，非智能,0.4231,B,,非智能
随机(度量用),20,小户型首选！CATLINK年度新品【小白智能猫砂盆】上线啦！,"年度,剧透,科技,新品",2154,A,,"{""B"": 0.9, ""A"": 4.4}","{""LF_NOISE"": {""vote"": null, ""hits"": []}, ""LF_GAME"": {""vote"": null, ""hits"": []}, ""LF_BRAND"": {""vote"": null, ""hits"": [""catlink""]}, ""LF_HW"": {""vote"": null, ""hits"": [""猫砂盆""]}, ""LF_PET"": {""vote"": null, ""hits"": [""猫""]}, ""LF_SMART"": {""vote"": null, ""hits"": [""智能""]}, ""LF_SUPPLY"": {""vote"": ""B"", ""hits"": [""猫砂""]}, ""LF_HEALTH"": {""vote"": null, ""hits"": []}, ""LF_A_BRAND_HW"": {""vote"": ""A"", ""hits"": [""catlink"", ""猫砂盆""]}, ""LF_A_PET_HW_SMART"": {""vote"": ""A"", ""hits"": [""智能""]}, ""LF_B_PET_HW_PLAIN"": {""vote"": null, ""hits"": []}, ""LF_C_PET_ONLY"": {""vote"": null, ""hits"": []}}",A,硬件产品,猫砂盆,0.95,,CATLINK小白智能猫砂盆新品,0.1698,A,,
随机(度量用),21,Catlink自动猫砂盆怎么选？优缺点？,"金渐层,动物圈新星up主扶持计划,喵星人,动物总动员-毛孩子开学季,猫砂盆",3989,A,,"{""B"": 0.9, ""A"": 4.4}","{""LF_NOISE"": {""vote"": null, ""hits"": []}, ""LF_GAME"": {""vote"": null, ""hits"": []}, ""LF_BRAND"": {""vote"": null, ""hits"": [""catlink""]}, ""LF_HW"": {""vote"": null, ""hits"": [""猫砂盆""]}, ""LF_PET"": {""vote"": null, ""hits"": [""猫"", ""喵"", ""毛孩子""]}, ""LF_SMART"": {""vote"": null, ""hits"": [""自动""]}, ""LF_SUPPLY"": {""vote"": ""B"", ""hits"": [""猫砂""]}, ""LF_HEALTH"": {""vote"": null, ""hits"": []}, ""LF_A_BRAND_HW"": {""vote"": ""A"", ""hits"": [""catlink"", ""猫砂盆""]}, ""LF_A_PET_HW_SMART"": {""vote"": ""A"", ""hits"": [""自动""]}, ""LF_B_PET_HW_PLAIN"": {""vote"": null, ""hits"": []}, ""LF_C_PET_ONLY"": {""vote"": null, ""hits"": []}}",A,硬件产品,猫砂盆,0.95,,Catlink自动猫砂盆选购测评,0.1698,A,,
随机(度量用),22,最硬核猫咪饮水机，待改进,小视频,13634,A,,"{""B"": 1.1, ""A"": 1.5}","{""LF_NOISE"": {""vote"": null, ""hits"": []}, ""LF_GAME"": {""vote"": null, ""hits"": []}, ""LF_BRAND"": {""vote"": null, ""hits"": []}, ""LF_HW"": {""vote"": null, ""hits"": [""饮水机""]}, ""LF_PET"": {""vote"": null, ""hits"": [""猫"", ""猫咪""]}, ""LF_SMART"": {""vote"": null, ""hits"": []}, ""LF_SUPPLY"": {""vote"": null, ""hits"": []}, ""LF_HEALTH"": {""vote"": null, ""hits"": []}, ""LF_A_BRAND_HW"": {""vote"": null, ""hits"": []}, ""LF_A_PET_HW_SMART"": {""vote"": null, ""hits"": []}, ""LF_B_PET_HW_PLAIN"": {""vote"": ""B"", ""hits"": [""饮水机""]}, ""LF_C_PET_ONLY"": {""vote"": null, ""hits"": []}}",A,硬件DIY,饮水机,1,1,硬核猫咪饮水机,0.4231,A,,
随机(度量用),23,鸟语花香自动猫砂盆测评,"测评,智能猫砂盆,自动猫砂盆",4928,A,,"{""B"": 0.9, ""A"": 4.4}","{""LF_NOISE"": {""vote"": null, ""hits"": []}, ""LF_GAME"": {""vote"": null, ""hits"": []}, ""LF_BRAND"": {""vote"": null, ""hits"": [""鸟语花香""]}, ""LF_HW"": {""vote"": null, ""hits"": [""猫砂盆""]}, ""LF_PET"": {""vote"": null, ""hits"": [""猫""]}, ""LF_SMART"": {""vote"": null, ""hits"": [""智能"", ""自动""]}, ""LF_SUPPLY"": {""vote"": ""B"", ""hits"": [""猫砂""]}, ""LF_HEALTH"": {""vote"": null, ""hits"": []}, ""LF_A_BRAND_HW"": {""vote"": ""A"", ""hits"": [""鸟语花香"", ""猫砂盆""]}, ""LF_A_PET_HW_SMART"": {""vote"": ""A"", ""hits"": [""智能"", ""自动""]}, ""LF_B_PET_HW_PLAIN"": {""vote"": null, ""hits"": []}, ""LF_C_PET_ONLY"": {""vote"": null, ""hits"": []}}",A,硬件产品,猫砂盆,0.95,,鸟语花香品牌自动猫砂盆测评,0.1698,A,,
随机(度量用),24,安装了自动下料机的投喂后，事实证明2岁的妈宝男是真的爱吃奶……,"铲屎官,日常,动物圈,动物观察局,必剪创作,打卡挑战,鸟",2592,A,,"{""C"": 1.0, ""A"": 1.5}","{""LF_NOISE"": {""vote"": null, ""hits"": []}, ""LF_GAME"": {""vote"": null, ""hits"": []}, ""LF_BRAND"": {""vote"": null, ""hits"": []}, ""LF_HW"": {""vote"": null, ""hits"": []}, ""LF_PET"": {""vote"": null, ""hits"": [""铲屎""]}, ""LF_SMART"": {""vote"": null, ""hits"": [""自动""]}, ""LF_SUPPLY"": {""vote"": null, ""hits"": []}, ""LF_HEALTH"": {""vote"": null, ""hits"": []}, ""LF_A_BRAND_HW"": {""vote"": null, ""hits"": []}, ""LF_A_PET_HW_SMART"": {""vote"": null, ""hits"": []}, ""LF_B_PET_HW_PLAIN"": {""vote"": null, ""hits"": []}, ""LF_C_PET_ONLY"": {""vote"": ""C"", ""hits"": [""铲屎""]}}",A,硬件产品,喂食器,0.8,,自动下料机投喂，宠物喂食器,0.4,A,,
随机(度量用),25,小佩智能自动猫砂盆助力猫咪健康如厕路,"小剧场过大年,广告,人工智能,原创",133,A,,"{""B"": 0.9, ""A"": 4.4}","{""LF_NOISE"": {""vote"": null, ""hits"": []}, ""LF_GAME"": {""vote"": null, ""hits"": []}, ""LF_BRAND"": {""vote"": null, ""hits"": [""小佩""]}, ""LF_HW"": {""vote"": null, ""hits"": [""猫砂盆""]}, ""LF_PET"": {""vote"": null, ""hits"": [""猫"", ""猫咪""]}, ""LF_SMART"": {""vote"": null, ""hits"": [""智能"", ""自动""]}, ""LF_SUPPLY"": {""vote"": ""B"", ""hits"": [""猫砂""]}, ""LF_HEALTH"": {""vote"": null, ""hits"": []}, ""LF_A_BRAND_HW"": {""vote"": ""A"", ""hits"": [""小佩"", ""猫砂盆""]}, ""LF_A_PET_HW_SMART"": {""vote"": ""A"", ""hits"": [""智能"", ""自动""]}, ""LF_B_PET_HW_PLAIN"": {""vote"": null, ""hits"": []}, ""LF_C_PET_ONLY"": {""vote"": null, ""hits"": []}}",A,硬件产品,猫砂盆,0.9,,小佩智能猫砂盆宣传,0.1698,A,,
随机(度量用),26,喵理事全自动猫砂盆特大号电动智能猫厕所封闭式防臭超大铲屎机防沙外溅 全自动猫砂盆【焕新版】M1SE,"喵星人,猫砂,宠物店",130,A,,"{""B"": 0.9, ""A"": 2.8}","{""LF_NOISE"": {""vote"": null, ""hits"": []}, ""LF_GAME"": {""vote"": null, ""hits"": []}, ""LF_BRAND"": {""vote"": null, ""hits"": []}, ""LF_HW"": {""vote"": null, ""hits"": [""猫砂盆"", ""铲屎机"", ""猫厕所""]}, ""LF_PET"": {""vote"": null, ""hits"": [""猫"", ""宠物"", ""喵"", ""铲屎""]}, ""LF_SMART"": {""vote"": null, ""hits"": [""智能"", ""自动"", ""全自动""]}, ""LF_SUPPLY"": {""vote"": ""B"", ""hits"": [""猫砂""]}, ""LF_HEALTH"": {""vote"": null, ""hits"": []}, ""LF_A_BRAND_HW"": {""vote"": null, ""hits"": []}, ""LF_A_PET_HW_SMART"": {""vote"": ""A"", ""hits"": [""智能"", ""自动"", ""全自动""]}, ""LF_B_PET_HW_PLAIN"": {""vote"": null, ""hits"": []}, ""LF_C_PET_ONLY"": {""vote"": null, ""hits"": []}}",A,硬件产品,猫砂盆,0.95,,喵理事全自动智能猫砂盆,0.2432,A,,
随机(度量用),27,宠物烘干箱选购避坑测评推荐，帮养宠家庭少花冤枉钱，横评14款两百到两千档霍曼、小佩热门款适配多元养宠需求,"狗狗洗澡吹干,租房养宠,宠物吹毛神器,宠物吹水机,养宠好物,猫咪烘干箱,宠物烘干机,新手养宠,多猫家庭,宠物美容",109,A,,"{""A"": 3.1, ""B"": 1.1}","{""LF_NOISE"": {""vote"": null, ""hits"": []}, ""LF_GAME"": {""vote"": null, ""hits"": []}, ""LF_BRAND"": {""vote"": null, ""hits"": [""小佩"", ""霍曼""]}, ""LF_HW"": {""vote"": null, ""hits"": [""烘干箱"", ""烘干机""]}, ""LF_PET"": {""vote"": null, ""hits"": [""猫"", ""狗"", ""宠物"", ""养宠"", ""猫咪"", ""狗狗""]}, ""LF_SMART"": {""vote"": null, ""hits"": []}, ""LF_SUPPLY"": {""vote"": null, ""hits"": []}, ""LF_HEALTH"": {""vote"": null, ""hits"": []}, ""LF_A_BRAND_HW"": {""vote"": ""A"", ""hits"": [""小佩"", ""霍曼"", ""烘干箱"", ""烘干机""]}, ""LF_A_PET_HW_SMART"": {""vote"": null, ""hits"": []}, ""LF_B_PET_HW_PLAIN"": {""vote"": ""B"", ""hits"": [""烘干箱"", ""烘干机""]}, ""LF_C_PET_ONLY"": {""vote"": null, ""hits"": []}}",A,硬件产品,烘干箱,0.95,,宠物烘干箱选购横评,0.2619,A,,
随机(度量用),28,霍曼新品无线饮水机来了！主打一个回归饮水机的本质：让猫咪喝的每一口水都干干净净霍曼 猫咪喝水 宠物饮水机,"霍曼,宠物饮水机推荐,小佩饮水机MAX,宠物喝水器,新品,宠物,小佩宠物饮水机,无线宠物饮水机,猫咪饮水机,宠物饮水机测评",726,A,,"{""A"": 4.4}","{""LF_NOISE"": {""vote"": null, ""hits"": []}, ""LF_GAME"": {""vote"": null, ""hits"": []}, ""LF_BRAND"": {""vote"": null, ""hits"": [""小佩"", ""霍曼""]}, ""LF_HW"": {""vote"": null, ""hits"": [""饮水机""]}, ""LF_PET"": {""vote"": null, ""hits"": [""猫"", ""宠物"", ""猫咪""]}, ""LF_SMART"": {""vote"": null, ""hits"": [""无线""]}, ""LF_SUPPLY"": {""vote"": null, ""hits"": []}, ""LF_HEALTH"": {""vote"": null, ""hits"": []}, ""LF_A_BRAND_HW"": {""vote"": ""A"", ""hits"": [""小佩"", ""霍曼"", ""饮水机""]}, ""LF_A_PET_HW_SMART"": {""vote"": ""A"", ""hits"": [""无线""]}, ""LF_B_PET_HW_PLAIN"": {""vote"": null, ""hits"": []}, ""LF_C_PET_ONLY"": {""vote"": null, ""hits"": []}}",A,硬件产品,饮水机,0.9,,霍曼无线饮水机新品,0.1,A,,
随机(度量用),29,小猫我呀，被这盆水硬控了一整天,"宠物自动饮水机,宠物喂水器,萌宠好物,新手养猫,猫咪喝水,小奶猫,喵星人",1193,A,,"{""A"": 2.8}","{""LF_NOISE"": {""vote"": null, ""hits"": []}, ""LF_GAME"": {""vote"": null, ""hits"": []}, ""LF_BRAND"": {""vote"": null, ""hits"": []}, ""LF_HW"": {""vote"": null, ""hits"": [""饮水机""]}, ""LF_PET"": {""vote"": null, ""hits"": [""猫"", ""宠物"", ""喵"", ""小猫"", ""猫咪""]}, ""LF_SMART"": {""vote"": null, ""hits"": [""自动""]}, ""LF_SUPPLY"": {""vote"": null, ""hits"": []}, ""LF_HEALTH"": {""vote"": null, ""hits"": []}, ""LF_A_BRAND_HW"": {""vote"": null, ""hits"": []}, ""LF_A_PET_HW_SMART"": {""vote"": ""A"", ""hits"": [""自动""]}, ""LF_B_PET_HW_PLAIN"": {""vote"": null, ""hits"": []}, ""LF_C_PET_ONLY"": {""vote"": null, ""hits"": []}}",A,硬件产品,饮水机,0.9,,宠物自动饮水机展示,0.1,A,A,
随机(度量用),30,11款宠物空气净化器横测：猫毛飞、猫砂盆异味、鼻炎过敏源、轻度甲醛TVOC怎么选？按卧室12-20平/客厅25-40平/50平以上大空间分档，一条视频选对！,"喵星人,空气净化器推荐,宠物空气净化器,宠物异味,猫毛,异味,除甲醛,空气净化器,智能家居,宠物",17609,A,,"{""B"": 0.9, ""A"": 2.8}","{""LF_NOISE"": {""vote"": null, ""hits"": []}, ""LF_GAME"": {""vote"": null, ""hits"": []}, ""LF_BRAND"": {""vote"": null, ""hits"": []}, ""LF_HW"": {""vote"": null, ""hits"": [""猫砂盆"", ""净化器""]}, ""LF_PET"": {""vote"": null, ""hits"": [""猫"", ""宠物"", ""喵""]}, ""LF_SMART"": {""vote"": null, ""hits"": [""智能""]}, ""LF_SUPPLY"": {""vote"": ""B"", ""hits"": [""猫砂""]}, ""LF_HEALTH"": {""vote"": null, ""hits"": []}, ""LF_A_BRAND_HW"": {""vote"": null, ""hits"": []}, ""LF_A_PET_HW_SMART"": {""vote"": ""A"", ""hits"": [""智能""]}, ""LF_B_PET_HW_PLAIN"": {""vote"": null, ""hits"": []}, ""LF_C_PET_ONLY"": {""vote"": null, ""hits"": []}}",A,硬件产品,净化器,0.95,,宠物空气净化器横测,0.2432,A,,
随机(度量用),31,猫咪成立喷壶组合摧毁家中地板，铲屎官巧手改造饮水机：我太难了,"萌宠变形大赛,宠物,喵星人,萌宠吃播,卖萌,铲屎官,动物圈,萌宠,猫,萌宠vlog",14314,A,,"{""B"": 1.1, ""A"": 1.5}","{""LF_NOISE"": {""vote"": null, ""hits"": []}, ""LF_GAME"": {""vote"": null, ""hits"": []}, ""LF_BRAND"": {""vote"": null, ""hits"": []}, ""LF_HW"": {""vote"": null, ""hits"": [""饮水机""]}, ""LF_PET"": {""vote"": null, ""hits"": [""猫"", ""宠物"", ""喵"", ""铲屎"", ""猫咪""]}, ""LF_SMART"": {""vote"": null, ""hits"": []}, ""LF_SUPPLY"": {""vote"": null, ""hits"": []}, ""LF_HEALTH"": {""vote"": null, ""hits"": []}, ""LF_A_BRAND_HW"": {""vote"": null, ""hits"": []}, ""LF_A_PET_HW_SMART"": {""vote"": null, ""hits"": []}, ""LF_B_PET_HW_PLAIN"": {""vote"": ""B"", ""hits"": [""饮水机""]}, ""LF_C_PET_ONLY"": {""vote"": null, ""hits"": []}}",A,硬件DIY,饮水机,0.5,0.5,改造饮水机,0.5,A,A,
随机(度量用),32,专为爬宠缸设计的摄像头，到底有什么不一样？,"爬宠好物,爬宠用品,爬宠,摄像头",137,A,,"{""B"": 1.1, ""A"": 1.5}","{""LF_NOISE"": {""vote"": null, ""hits"": []}, ""LF_GAME"": {""vote"": null, ""hits"": []}, ""LF_BRAND"": {""vote"": null, ""hits"": []}, ""LF_HW"": {""vote"": null, ""hits"": [""摄像头""]}, ""LF_PET"": {""vote"": null, ""hits"": [""爬宠""]}, ""LF_SMART"": {""vote"": null, ""hits"": []}, ""LF_SUPPLY"": {""vote"": null, ""hits"": []}, ""LF_HEALTH"": {""vote"": null, ""hits"": []}, ""LF_A_BRAND_HW"": {""vote"": null, ""hits"": []}, ""LF_A_PET_HW_SMART"": {""vote"": null, ""hits"": []}, ""LF_B_PET_HW_PLAIN"": {""vote"": ""B"", ""hits"": [""摄像头""]}, ""LF_C_PET_ONLY"": {""vote"": null, ""hits"": []}}",A,硬件产品,摄像头,0.85,,爬宠缸专用摄像头测评,0.4231,A,,
随机(度量用),33,空气萝卜全自动猫砂盆特大号电动智能猫砂盆全封闭自动铲屎,"辅助,异味,教程攻略",133,A,,"{""B"": 0.9, ""A"": 2.8}","{""LF_NOISE"": {""vote"": null, ""hits"": []}, ""LF_GAME"": {""vote"": null, ""hits"": []}, ""LF_BRAND"": {""vote"": null, ""hits"": []}, ""LF_HW"": {""vote"": null, ""hits"": [""猫砂盆""]}, ""LF_PET"": {""vote"": null, ""hits"": [""猫"", ""铲屎""]}, ""LF_SMART"": {""vote"": null, ""hits"": [""智能"", ""自动"", ""全自动""]}, ""LF_SUPPLY"": {""vote"": ""B"", ""hits"": [""猫砂""]}, ""LF_HEALTH"": {""vote"": null, ""hits"": []}, ""LF_A_BRAND_HW"": {""vote"": null, ""hits"": []}, ""LF_A_PET_HW_SMART"": {""vote"": ""A"", ""hits"": [""智能"", ""自动"", ""全自动""]}, ""LF_B_PET_HW_PLAIN"": {""vote"": null, ""hits"": []}, ""LF_C_PET_ONLY"": {""vote"": null, ""hits"": []}}",A,硬件产品,猫砂盆,0.95,,全自动智能猫砂盆,0.2432,A,,
随机(度量用),34,遛狗记录仪：执法一号DSJ-H1开箱,"遛狗记录仪,文明养狗遛狗,行人记录仪,行狗记录仪,遛狗神器",365,A,,"{""C"": 1.0, ""A"": 1.5}","{""LF_NOISE"": {""vote"": null, ""hits"": []}, ""LF_GAME"": {""vote"": null, ""hits"": []}, ""LF_BRAND"": {""vote"": null, ""hits"": []}, ""LF_HW"": {""vote"": null, ""hits"": []}, ""LF_PET"": {""vote"": null, ""hits"": [""狗""]}, ""LF_SMART"": {""vote"": null, ""hits"": []}, ""LF_SUPPLY"": {""vote"": null, ""hits"": []}, ""LF_HEALTH"": {""vote"": null, ""hits"": []}, ""LF_A_BRAND_HW"": {""vote"": null, ""hits"": []}, ""LF_A_PET_HW_SMART"": {""vote"": null, ""hits"": []}, ""LF_B_PET_HW_PLAIN"": {""vote"": null, ""hits"": []}, ""LF_C_PET_ONLY"": {""vote"": ""C"", ""hits"": [""狗""]}}",A,硬件产品,摄像头,0.85,,遛狗记录仪开箱,0.4,A,,
随机(度量用),35,小佩智能全自动猫厕所 ULTRA（可视版）--绑定App,"喵星人,智能,APP,猫厕所,宠物猫",7612,A,,"{""A"": 4.4}","{""LF_NOISE"": {""vote"": null, ""hits"": []}, ""LF_GAME"": {""vote"": null, ""hits"": []}, ""LF_BRAND"": {""vote"": null, ""hits"": [""小佩""]}, ""LF_HW"": {""vote"": null, ""hits"": [""猫厕所""]}, ""LF_PET"": {""vote"": null, ""hits"": [""猫"", ""宠物"", ""喵""]}, ""LF_SMART"": {""vote"": null, ""hits"": [""智能"", ""自动"", ""全自动"", ""app""]}, ""LF_SUPPLY"": {""vote"": null, ""hits"": []}, ""LF_HEALTH"": {""vote"": null, ""hits"": []}, ""LF_A_BRAND_HW"": {""vote"": ""A"", ""hits"": [""小佩"", ""猫厕所""]}, ""LF_A_PET_HW_SMART"": {""vote"": ""A"", ""hits"": [""智能"", ""自动"", ""全自动"", ""app""]}, ""LF_B_PET_HW_PLAIN"": {""vote"": null, ""hits"": []}, ""LF_C_PET_ONLY"": {""vote"": null, ""hits"": []}}",A,硬件产品,猫砂盆,0.98,,小佩智能全自动猫厕所绑定App教程,0.02,A,,
随机(度量用),36,【小抱】有摄像头？米家宠物喂食器2可视版！,"开箱,雷军,小米,评测,米家宠物喂食器2可视版,陈抱一,宠物喂食器,米家,智能家居,宠物",20200,A,,"{""A"": 2.8}","{""LF_NOISE"": {""vote"": null, ""hits"": []}, ""LF_GAME"": {""vote"": null, ""hits"": []}, ""LF_BRAND"": {""vote"": null, ""hits"": []}, ""LF_HW"": {""vote"": null, ""hits"": [""喂食器"", ""摄像头""]}, ""LF_PET"": {""vote"": null, ""hits"": [""宠物""]}, ""LF_SMART"": {""vote"": null, ""hits"": [""智能""]}, ""LF_SUPPLY"": {""vote"": null, ""hits"": []}, ""LF_HEALTH"": {""vote"": null, ""hits"": []}, ""LF_A_BRAND_HW"": {""vote"": null, ""hits"": []}, ""LF_A_PET_HW_SMART"": {""vote"": ""A"", ""hits"": [""智能""]}, ""LF_B_PET_HW_PLAIN"": {""vote"": null, ""hits"": []}, ""LF_C_PET_ONLY"": {""vote"": null, ""hits"": []}}",A,硬件产品,喂食器,0.95,,米家宠物喂食器2可视版开箱,0.05,A,,
随机(度量用),37,【蝎子日常】冬季加热常规操作示范,"捕食,日常,喂食,蜈蚣,爬虫,蜘蛛,爬宠,节肢动物,蝎子,全能打卡挑战",4950,A,,"{""C"": 1.0, ""A"": 1.5}","{""LF_NOISE"": {""vote"": null, ""hits"": []}, ""LF_GAME"": {""vote"": null, ""hits"": []}, ""LF_BRAND"": {""vote"": null, ""hits"": []}, ""LF_HW"": {""vote"": null, ""hits"": []}, ""LF_PET"": {""vote"": null, ""hits"": [""爬宠""]}, ""LF_SMART"": {""vote"": null, ""hits"": []}, ""LF_SUPPLY"": {""vote"": null, ""hits"": []}, ""LF_HEALTH"": {""vote"": null, ""hits"": []}, ""LF_A_BRAND_HW"": {""vote"": null, ""hits"": []}, ""LF_A_PET_HW_SMART"": {""vote"": null, ""hits"": []}, ""LF_B_PET_HW_PLAIN"": {""vote"": null, ""hits"": []}, ""LF_C_PET_ONLY"": {""vote"": ""C"", ""hits"": [""爬宠""]}}",A,硬件产品,加热垫猫窝,1,1,蝎子冬季加热操作示范,0.4,A,C,
随机(度量用),38,创意智能宠物便盆，全自动清理小狗粪便，没有异味的自动“铲屎官”,"原创,小妙招,萌妹子,自制,记录,高能,运动,日常,生活记录,生活",1290,A,,"{""C"": 1.0, ""A"": 1.5}","{""LF_NOISE"": {""vote"": null, ""hits"": []}, ""LF_GAME"": {""vote"": null, ""hits"": []}, ""LF_BRAND"": {""vote"": null, ""hits"": []}, ""LF_HW"": {""vote"": null, ""hits"": []}, ""LF_PET"": {""vote"": null, ""hits"": [""狗"", ""宠物"", ""铲屎"", ""小狗""]}, ""LF_SMART"": {""vote"": null, ""hits"": [""智能"", ""自动"", ""全自动""]}, ""LF_SUPPLY"": {""vote"": null, ""hits"": []}, ""LF_HEALTH"": {""vote"": null, ""hits"": []}, ""LF_A_BRAND_HW"": {""vote"": null, ""hits"": []}, ""LF_A_PET_HW_SMART"": {""vote"": null, ""hits"": []}, ""LF_B_PET_HW_PLAIN"": {""vote"": null, ""hits"": []}, ""LF_C_PET_ONLY"": {""vote"": ""C"", ""hits"": [""狗"", ""宠物"", ""铲屎"", ""小狗""]}}",A,硬件产品,其他硬件,1,1,智能宠物便盆全自动清理,0.4,A,,
随机(度量用),39,日本AI宠物学会了中文！？于是跟我告别了...,"人工智能,lovot,山下智博,活力vlog挑战,宠物,AI,绅士一分钟,机器人",245494,A,,"{""C"": 1.0, ""A"": 1.5}","{""LF_NOISE"": {""vote"": null, ""hits"": []}, ""LF_GAME"": {""vote"": null, ""hits"": []}, ""LF_BRAND"": {""vote"": null, ""hits"": []}, ""LF_HW"": {""vote"": null, ""hits"": []}, ""LF_PET"": {""vote"": null, ""hits"": [""宠物""]}, ""LF_SMART"": {""vote"": null, ""hits"": [""智能""]}, ""LF_SUPPLY"": {""vote"": null, ""hits"": []}, ""LF_HEALTH"": {""vote"": null, ""hits"": []}, ""LF_A_BRAND_HW"": {""vote"": null, ""hits"": []}, ""LF_A_PET_HW_SMART"": {""vote"": null, ""hits"": []}, ""LF_B_PET_HW_PLAIN"": {""vote"": null, ""hits"": []}, ""LF_C_PET_ONLY"": {""vote"": ""C"", ""hits"": [""宠物""]}}",A,硬件产品,其他硬件,0.8,,日本AI宠物lovot体验,0.4,C,N,AI宠物非真实
随机(度量用),40,500块的双风机宠物烘干箱怎么样,"体验,狗头测评,开箱,哔卡哔,评测",2561,A,,"{""B"": 1.1, ""A"": 1.5}","{""LF_NOISE"": {""vote"": null, ""hits"": []}, ""LF_GAME"": {""vote"": null, ""hits"": []}, ""LF_BRAND"": {""vote"": null, ""hits"": []}, ""LF_HW"": {""vote"": null, ""hits"": [""烘干箱""]}, ""LF_PET"": {""vote"": null, ""hits"": [""狗"", ""宠物""]}, ""LF_SMART"": {""vote"": null, ""hits"": []}, ""LF_SUPPLY"": {""vote"": null, ""hits"": []}, ""LF_HEALTH"": {""vote"": null, ""hits"": []}, ""LF_A_BRAND_HW"": {""vote"": null, ""hits"": []}, ""LF_A_PET_HW_SMART"": {""vote"": null, ""hits"": []}, ""LF_B_PET_HW_PLAIN"": {""vote"": ""B"", ""hits"": [""烘干箱""]}, ""LF_C_PET_ONLY"": {""vote"": null, ""hits"": []}}",A,硬件产品,烘干箱,0.85,,双风机宠物烘干箱测评,0.4231,A,,
随机(度量用),41,小佩饮水机SOLO SE安装及清洗视频,"清洗,安装教程,演示,饮水机",153215,A,,"{""A"": 3.1}","{""LF_NOISE"": {""vote"": null, ""hits"": []}, ""LF_GAME"": {""vote"": null, ""hits"": []}, ""LF_BRAND"": {""vote"": null, ""hits"": [""小佩""]}, ""LF_HW"": {""vote"": null, ""hits"": [""饮水机""]}, ""LF_PET"": {""vote"": null, ""hits"": []}, ""LF_SMART"": {""vote"": null, ""hits"": []}, ""LF_SUPPLY"": {""vote"": null, ""hits"": []}, ""LF_HEALTH"": {""vote"": null, ""hits"": []}, ""LF_A_BRAND_HW"": {""vote"": ""A"", ""hits"": [""小佩"", ""饮水机""]}, ""LF_A_PET_HW_SMART"": {""vote"": null, ""hits"": []}, ""LF_B_PET_HW_PLAIN"": {""vote"": null, ""hits"": []}, ""LF_C_PET_ONLY"": {""vote"": null, ""hits"": []}}",A,硬件产品,饮水机,0.95,,小佩饮水机安装清洗教程,0.05,A,,
随机(度量用),42,小佩AI可视智能宠物饮水机ultra 产品缺陷 别买！,"小佩饮水机AI可视智能饮水机ultra,小佩宠物,生活记录,原创,记录",1941,A,,"{""A"": 4.4}","{""LF_NOISE"": {""vote"": null, ""hits"": []}, ""LF_GAME"": {""vote"": null, ""hits"": []}, ""LF_BRAND"": {""vote"": null, ""hits"": [""小佩""]}, ""LF_HW"": {""vote"": null, ""hits"": [""饮水机""]}, ""LF_PET"": {""vote"": null, ""hits"": [""宠物""]}, ""LF_SMART"": {""vote"": null, ""hits"": [""智能""]}, ""LF_SUPPLY"": {""vote"": null, ""hits"": []}, ""LF_HEALTH"": {""vote"": null, ""hits"": []}, ""LF_A_BRAND_HW"": {""vote"": ""A"", ""hits"": [""小佩"", ""饮水机""]}, ""LF_A_PET_HW_SMART"": {""vote"": ""A"", ""hits"": [""智能""]}, ""LF_B_PET_HW_PLAIN"": {""vote"": null, ""hits"": []}, ""LF_C_PET_ONLY"": {""vote"": null, ""hits"": []}}",A,硬件产品,饮水机,0.95,,小佩智能饮水机缺陷,0.05,A,,
随机(度量用),43,爆改一百元猫咪烘干箱,"3D打印,赵方婧,宠物,风扇,猫咪,暴力风扇,芒种,手工,DIY,分享属于你的冬天",8995,A,,"{""B"": 1.1, ""A"": 1.5}","{""LF_NOISE"": {""vote"": null, ""hits"": []}, ""LF_GAME"": {""vote"": null, ""hits"": []}, ""LF_BRAND"": {""vote"": null, ""hits"": []}, ""LF_HW"": {""vote"": null, ""hits"": [""烘干箱""]}, ""LF_PET"": {""vote"": null, ""hits"": [""猫"", ""宠物"", ""猫咪""]}, ""LF_SMART"": {""vote"": null, ""hits"": []}, ""LF_SUPPLY"": {""vote"": null, ""hits"": []}, ""LF_HEALTH"": {""vote"": null, ""hits"": []}, ""LF_A_BRAND_HW"": {""vote"": null, ""hits"": []}, ""LF_A_PET_HW_SMART"": {""vote"": null, ""hits"": []}, ""LF_B_PET_HW_PLAIN"": {""vote"": ""B"", ""hits"": [""烘干箱""]}, ""LF_C_PET_ONLY"": {""vote"": null, ""hits"": []}}",A,硬件DIY,烘干箱,0.85,,爆改猫咪烘干箱DIY,0.4231,A,,
随机(度量用),44,2000块买了个祖宗！被自动猫砂盆折磨的没招了,"我们都是养猫的人,智能,喵星人,全自动猫砂盆,智能猫砂盆,猫砂盆,养猫,避雷",5693,A,,"{""B"": 0.9, ""A"": 2.8}","{""LF_NOISE"": {""vote"": null, ""hits"": []}, ""LF_GAME"": {""vote"": null, ""hits"": []}, ""LF_BRAND"": {""vote"": null, ""hits"": []}, ""LF_HW"": {""vote"": null, ""hits"": [""猫砂盆""]}, ""LF_PET"": {""vote"": null, ""hits"": [""猫"", ""喵""]}, ""LF_SMART"": {""vote"": null, ""hits"": [""智能"", ""自动"", ""全自动""]}, ""LF_SUPPLY"": {""vote"": ""B"", ""hits"": [""猫砂""]}, ""LF_HEALTH"": {""vote"": null, ""hits"": []}, ""LF_A_BRAND_HW"": {""vote"": null, ""hits"": []}, ""LF_A_PET_HW_SMART"": {""vote"": ""A"", ""hits"": [""智能"", ""自动"", ""全自动""]}, ""LF_B_PET_HW_PLAIN"": {""vote"": null, ""hits"": []}, ""LF_C_PET_ONLY"": {""vote"": null, ""hits"": []}}",A,硬件产品,猫砂盆,0.9,,自动猫砂盆使用吐槽,0.2432,A,,
随机(度量用),45,360°，全面无死角消除猫毛，解决养猫家庭的痛点,"科学养宠,养宠知识,猫片,云吸猫,萌萌哒,萌宠星探官",8380,A,,"{""C"": 1.0, ""A"": 1.5}","{""LF_NOISE"": {""vote"": null, ""hits"": []}, ""LF_GAME"": {""vote"": null, ""hits"": []}, ""LF_BRAND"": {""vote"": null, ""hits"": []}, ""LF_HW"": {""vote"": null, ""hits"": []}, ""LF_PET"": {""vote"": null, ""hits"": [""猫"", ""养宠""]}, ""LF_SMART"": {""vote"": null, ""hits"": []}, ""LF_SUPPLY"": {""vote"": null, ""hits"": []}, ""LF_HEALTH"": {""vote"": null, ""hits"": []}, ""LF_A_BRAND_HW"": {""vote"": null, ""hits"": []}, ""LF_A_PET_HW_SMART"": {""vote"": null, ""hits"": []}, ""LF_B_PET_HW_PLAIN"": {""vote"": null, ""hits"": []}, ""LF_C_PET_ONLY"": {""vote"": ""C"", ""hits"": [""猫"", ""养宠""]}}",A,硬件产品,其他硬件,0.75,0.75,360度除猫毛设备，宠物硬件,0.4,A,C,
随机(度量用),46,【校准教程】CATLINK智能喂食器Fresh2,"智能喂食器,宠物喂食器,CATLINK,喵星人",1724,A,,"{""A"": 4.4}","{""LF_NOISE"": {""vote"": null, ""hits"": []}, ""LF_GAME"": {""vote"": null, ""hits"": []}, ""LF_BRAND"": {""vote"": null, ""hits"": [""catlink""]}, ""LF_HW"": {""vote"": null, ""hits"": [""喂食器""]}, ""LF_PET"": {""vote"": null, ""hits"": [""宠物"", ""喵""]}, ""LF_SMART"": {""vote"": null, ""hits"": [""智能""]}, ""LF_SUPPLY"": {""vote"": null, ""hits"": []}, ""LF_HEALTH"": {""vote"": null, ""hits"": []}, ""LF_A_BRAND_HW"": {""vote"": ""A"", ""hits"": [""catlink"", ""喂食器""]}, ""LF_A_PET_HW_SMART"": {""vote"": ""A"", ""hits"": [""智能""]}, ""LF_B_PET_HW_PLAIN"": {""vote"": null, ""hits"": []}, ""LF_C_PET_ONLY"": {""vote"": null, ""hits"": []}}",A,硬件产品,喂食器,0.98,,CATLINK智能喂食器校准教程,0.02,A,,
随机(度量用),47,大促避坑必看！十款智能猫砂盆无赞助大测评：谁在拿安全敷衍，谁才是夏季除臭神器？（含小佩/空气萝卜/霍曼/糯雪等）,"猫砂盆避坑,空气萝卜C20,小佩MAX2,霍曼猫砂盆,糯雪猫砂盆,#新手养猫,#避坑指南,养猫好物,养猫经验分享,数码科技",10398,A,,"{""B"": 0.9, ""A"": 4.4}","{""LF_NOISE"": {""vote"": null, ""hits"": []}, ""LF_GAME"": {""vote"": null, ""hits"": []}, ""LF_BRAND"": {""vote"": null, ""hits"": [""小佩"", ""霍曼"", ""糯雪""]}, ""LF_HW"": {""vote"": null, ""hits"": [""猫砂盆""]}, ""LF_PET"": {""vote"": null, ""hits"": [""猫""]}, ""LF_SMART"": {""vote"": null, ""hits"": [""智能""]}, ""LF_SUPPLY"": {""vote"": ""B"", ""hits"": [""猫砂""]}, ""LF_HEALTH"": {""vote"": null, ""hits"": []}, ""LF_A_BRAND_HW"": {""vote"": ""A"", ""hits"": [""小佩"", ""霍曼"", ""糯雪"", ""猫砂盆""]}, ""LF_A_PET_HW_SMART"": {""vote"": ""A"", ""hits"": [""智能""]}, ""LF_B_PET_HW_PLAIN"": {""vote"": null, ""hits"": []}, ""LF_C_PET_ONLY"": {""vote"": null, ""hits"": []}}",A,硬件产品,猫砂盆,0.98,,智能猫砂盆横评,0.1698,A,,
随机(度量用),48,【光幕更换教程】PROX智能猫砂盆,"原创,智能猫砂盆,CATLINK,安装教程,猫砂盆,教程",4779,A,,"{""B"": 0.9, ""A"": 4.4}","{""LF_NOISE"": {""vote"": null, ""hits"": []}, ""LF_GAME"": {""vote"": null, ""hits"": []}, ""LF_BRAND"": {""vote"": null, ""hits"": [""catlink""]}, ""LF_HW"": {""vote"": null, ""hits"": [""猫砂盆""]}, ""LF_PET"": {""vote"": null, ""hits"": [""猫""]}, ""LF_SMART"": {""vote"": null, ""hits"": [""智能""]}, ""LF_SUPPLY"": {""vote"": ""B"", ""hits"": [""猫砂""]}, ""LF_HEALTH"": {""vote"": null, ""hits"": []}, ""LF_A_BRAND_HW"": {""vote"": ""A"", ""hits"": [""catlink"", ""猫砂盆""]}, ""LF_A_PET_HW_SMART"": {""vote"": ""A"", ""hits"": [""智能""]}, ""LF_B_PET_HW_PLAIN"": {""vote"": null, ""hits"": []}, ""LF_C_PET_ONLY"": {""vote"": null, ""hits"": []}}",A,硬件产品,猫砂盆,0.95,,PROX智能猫砂盆教程,0.1698,A,,
随机(度量用),49,Enabot发布宠物旗舰新品 ROLA PetPal一诺宠物陪伴机器人,"陪伴机器人,EnabotROLA,宠物用品,宠物监控,Enabot新品发布,EnabotROLAPetPal,萌宠,宠物",13776,A,,"{""B"": 1.1, ""A"": 1.5}","{""LF_NOISE"": {""vote"": null, ""hits"": []}, ""LF_GAME"": {""vote"": null, ""hits"": []}, ""LF_BRAND"": {""vote"": null, ""hits"": []}, ""LF_HW"": {""vote"": null, ""hits"": [""监控""]}, ""LF_PET"": {""vote"": null, ""hits"": [""宠物""]}, ""LF_SMART"": {""vote"": null, ""hits"": []}, ""LF_SUPPLY"": {""vote"": null, ""hits"": []}, ""LF_HEALTH"": {""vote"": null, ""hits"": []}, ""LF_A_BRAND_HW"": {""vote"": null, ""hits"": []}, ""LF_A_PET_HW_SMART"": {""vote"": null, ""hits"": []}, ""LF_B_PET_HW_PLAIN"": {""vote"": ""B"", ""hits"": [""监控""]}, ""LF_C_PET_ONLY"": {""vote"": null, ""hits"": []}}",A,硬件产品,摄像头,0.9,,宠物陪伴机器人，属智能硬件,0.4231,A,,
随机(度量用),50,霍曼自动喂食器安装教程，一看就会每次组装喂食器的时候，总忘记该怎么装，索性录个视频，提醒自己，也方便跟我一样有相同困扰的宝儿们~！！#自动喂食器#自动喂食器#,"安装教程,厨房,时候,安装,教程,视频",480,A,,"{""A"": 3.1}","{""LF_NOISE"": {""vote"": null, ""hits"": []}, ""LF_GAME"": {""vote"": null, ""hits"": []}, ""LF_BRAND"": {""vote"": null, ""hits"": [""霍曼""]}, ""LF_HW"": {""vote"": null, ""hits"": [""喂食器""]}, ""LF_PET"": {""vote"": null, ""hits"": []}, ""LF_SMART"": {""vote"": null, ""hits"": [""自动""]}, ""LF_SUPPLY"": {""vote"": null, ""hits"": []}, ""LF_HEALTH"": {""vote"": null, ""hits"": []}, ""LF_A_BRAND_HW"": {""vote"": ""A"", ""hits"": [""霍曼"", ""喂食器""]}, ""LF_A_PET_HW_SMART"": {""vote"": null, ""hits"": []}, ""LF_B_PET_HW_PLAIN"": {""vote"": null, ""hits"": []}, ""LF_C_PET_ONLY"": {""vote"": null, ""hits"": []}}",A,硬件产品,喂食器,0.95,,霍曼自动喂食器安装教程,0.05,A,,
随机(度量用),51,小猫咪：我就知道这个饮水机是我的,"猫猫,猫咪饮水机,健康喝水",98481,A,,"{""B"": 1.1, ""A"": 1.5}","{""LF_NOISE"": {""vote"": null, ""hits"": []}, ""LF_GAME"": {""vote"": null, ""hits"": []}, ""LF_BRAND"": {""vote"": null, ""hits"": []}, ""LF_HW"": {""vote"": null, ""hits"": [""饮水机""]}, ""LF_PET"": {""vote"": null, ""hits"": [""猫"", ""小猫"", ""猫咪""]}, ""LF_SMART"": {""vote"": null, ""hits"": []}, ""LF_SUPPLY"": {""vote"": null, ""hits"": []}, ""LF_HEALTH"": {""vote"": null, ""hits"": []}, ""LF_A_BRAND_HW"": {""vote"": null, ""hits"": []}, ""LF_A_PET_HW_SMART"": {""vote"": null, ""hits"": []}, ""LF_B_PET_HW_PLAIN"": {""vote"": ""B"", ""hits"": [""饮水机""]}, ""LF_C_PET_ONLY"": {""vote"": null, ""hits"": []}}",A,硬件产品,饮水机,0.85,,猫咪饮水机使用场景,0.4231,A,,
随机(度量用),52,鱼缸自动喂食器，适合经常出远门或者鱼缸多的朋友~,"养鱼,鱼缸,观赏鱼,水族",136784,A,,"{""A"": 2.8}","{""LF_NOISE"": {""vote"": null, ""hits"": []}, ""LF_GAME"": {""vote"": null, ""hits"": []}, ""LF_BRAND"": {""vote"": null, ""hits"": []}, ""LF_HW"": {""vote"": null, ""hits"": [""喂食器"", ""鱼缸""]}, ""LF_PET"": {""vote"": null, ""hits"": [""水族"", ""观赏鱼"", ""养鱼""]}, ""LF_SMART"": {""vote"": null, ""hits"": [""自动""]}, ""LF_SUPPLY"": {""vote"": null, ""hits"": []}, ""LF_HEALTH"": {""vote"": null, ""hits"": []}, ""LF_A_BRAND_HW"": {""vote"": null, ""hits"": []}, ""LF_A_PET_HW_SMART"": {""vote"": ""A"", ""hits"": [""自动""]}, ""LF_B_PET_HW_PLAIN"": {""vote"": null, ""hits"": []}, ""LF_C_PET_ONLY"": {""vote"": null, ""hits"": []}}",A,硬件产品,喂食器,0.9,,鱼缸自动喂食器介绍,0.1,A,,
随机(度量用),53,走进中国顶级工厂：高端自动铲屎机是如何制造的,"全自动猫砂盆,过程,喵星人,懒人,神器,养猫,猫厕所,生产过程,猫砂盆",6578,A,,"{""B"": 0.9, ""A"": 2.8}","{""LF_NOISE"": {""vote"": null, ""hits"": []}, ""LF_GAME"": {""vote"": null, ""hits"": []}, ""LF_BRAND"": {""vote"": null, ""hits"": []}, ""LF_HW"": {""vote"": null, ""hits"": [""猫砂盆"", ""铲屎机"", ""猫厕所""]}, ""LF_PET"": {""vote"": null, ""hits"": [""猫"", ""喵"", ""铲屎""]}, ""LF_SMART"": {""vote"": null, ""hits"": [""自动"", ""全自动""]}, ""LF_SUPPLY"": {""vote"": ""B"", ""hits"": [""猫砂""]}, ""LF_HEALTH"": {""vote"": null, ""hits"": []}, ""LF_A_BRAND_HW"": {""vote"": null, ""hits"": []}, ""LF_A_PET_HW_SMART"": {""vote"": ""A"", ""hits"": [""自动"", ""全自动""]}, ""LF_B_PET_HW_PLAIN"": {""vote"": null, ""hits"": []}, ""LF_C_PET_ONLY"": {""vote"": null, ""hits"": []}}",A,行业资讯,猫砂盆,0.9,,自动铲屎机工厂制造,0.2432,A,,
随机(度量用),54,五年实测猫洁易自动猫砂机优缺点,"评测,猫洁易,猫,铲屎官,黑科技,自动猫砂机",3054,A,,"{""B"": 0.9, ""C"": 1.0, ""A"": 1.5}","{""LF_NOISE"": {""vote"": null, ""hits"": []}, ""LF_GAME"": {""vote"": null, ""hits"": []}, ""LF_BRAND"": {""vote"": null, ""hits"": [""猫洁易""]}, ""LF_HW"": {""vote"": null, ""hits"": []}, ""LF_PET"": {""vote"": null, ""hits"": [""猫"", ""铲屎""]}, ""LF_SMART"": {""vote"": null, ""hits"": [""自动""]}, ""LF_SUPPLY"": {""vote"": ""B"", ""hits"": [""猫砂""]}, ""LF_HEALTH"": {""vote"": null, ""hits"": []}, ""LF_A_BRAND_HW"": {""vote"": null, ""hits"": []}, ""LF_A_PET_HW_SMART"": {""vote"": null, ""hits"": []}, ""LF_B_PET_HW_PLAIN"": {""vote"": null, ""hits"": []}, ""LF_C_PET_ONLY"": {""vote"": ""C"", ""hits"": [""猫"", ""铲屎""]}}",A,硬件产品,猫砂盆,0.95,,猫洁易自动猫砂机实测,0.4264,A,,
随机(度量用),55,CATLINK [大白] 新风系统-内外开窗,"智能,猫砂盆,CATLINK",3049,A,,"{""B"": 0.9, ""A"": 4.4}","{""LF_NOISE"": {""vote"": null, ""hits"": []}, ""LF_GAME"": {""vote"": null, ""hits"": []}, ""LF_BRAND"": {""vote"": null, ""hits"": [""catlink""]}, ""LF_HW"": {""vote"": null, ""hits"": [""猫砂盆""]}, ""LF_PET"": {""vote"": null, ""hits"": [""猫""]}, ""LF_SMART"": {""vote"": null, ""hits"": [""智能""]}, ""LF_SUPPLY"": {""vote"": ""B"", ""hits"": [""猫砂""]}, ""LF_HEALTH"": {""vote"": null, ""hits"": []}, ""LF_A_BRAND_HW"": {""vote"": ""A"", ""hits"": [""catlink"", ""猫砂盆""]}, ""LF_A_PET_HW_SMART"": {""vote"": ""A"", ""hits"": [""智能""]}, ""LF_B_PET_HW_PLAIN"": {""vote"": null, ""hits"": []}, ""LF_C_PET_ONLY"": {""vote"": null, ""hits"": []}}",A,硬件产品,猫砂盆,0.9,,CATLINK大白智能猫砂盆新风系统,0.1698,A,,
随机(度量用),56,300以下的国产猫咪烘干箱靠谱吗？,"猫咪,布偶猫,猫咖,橘猫,宠物店,喵星人,猫砂,必剪创作,烘干箱",4102,B,,"{""B"": 2.0, ""A"": 1.5}","{""LF_NOISE"": {""vote"": null, ""hits"": []}, ""LF_GAME"": {""vote"": null, ""hits"": []}, ""LF_BRAND"": {""vote"": null, ""hits"": []}, ""LF_HW"": {""vote"": null, ""hits"": [""烘干箱""]}, ""LF_PET"": {""vote"": null, ""hits"": [""猫"", ""宠物"", ""喵"", ""猫咪"", ""橘猫"", ""布偶""]}, ""LF_SMART"": {""vote"": null, ""hits"": []}, ""LF_SUPPLY"": {""vote"": ""B"", ""hits"": [""猫砂""]}, ""LF_HEALTH"": {""vote"": null, ""hits"": []}, ""LF_A_BRAND_HW"": {""vote"": null, ""hits"": []}, ""LF_A_PET_HW_SMART"": {""vote"": null, ""hits"": []}, ""LF_B_PET_HW_PLAIN"": {""vote"": ""B"", ""hits"": [""烘干箱""]}, ""LF_C_PET_ONLY"": {""vote"": null, ""hits"": []}}",A,硬件产品,烘干箱,0.9,,国产猫咪烘干箱测评,0.85,A,,
随机(度量用),57,全自动猫砂盆怎么选？小佩MAX2和空气萝卜C20 （空气萝卜C20 和小佩MAX2）优缺点测评,"安利我的梦中情屋,家居,全自动猫砂盆,自动猫砂盆,智能猫砂盆,优缺点,猫砂盆,购物分享,测评",603,A,,"{""B"": 0.9, ""A"": 4.4}","{""LF_NOISE"": {""vote"": null, ""hits"": []}, ""LF_GAME"": {""vote"": null, ""hits"": []}, ""LF_BRAND"": {""vote"": null, ""hits"": [""小佩""]}, ""LF_HW"": {""vote"": null, ""hits"": [""猫砂盆""]}, ""LF_PET"": {""vote"": null, ""hits"": [""猫""]}, ""LF_SMART"": {""vote"": null, ""hits"": [""智能"", ""自动"", ""全自动""]}, ""LF_SUPPLY"": {""vote"": ""B"", ""hits"": [""猫砂""]}, ""LF_HEALTH"": {""vote"": null, ""hits"": []}, ""LF_A_BRAND_HW"": {""vote"": ""A"", ""hits"": [""小佩"", ""猫砂盆""]}, ""LF_A_PET_HW_SMART"": {""vote"": ""A"", ""hits"": [""智能"", ""自动"", ""全自动""]}, ""LF_B_PET_HW_PLAIN"": {""vote"": null, ""hits"": []}, ""LF_C_PET_ONLY"": {""vote"": null, ""hits"": []}}",A,硬件产品,猫砂盆,0.95,,全自动猫砂盆优缺点测评,0.1698,A,,
随机(度量用),58,猫咪的快乐，铲屎官的痛苦-CatLink 智能猫砂盆【值不值得买第592期】,"铲屎,智能硬件,智能,科技猎手2023,猫咪,智能猫砂盆,智能家居,catlink",202325,A,,"{""B"": 0.9, ""A"": 4.4}","{""LF_NOISE"": {""vote"": null, ""hits"": []}, ""LF_GAME"": {""vote"": null, ""hits"": []}, ""LF_BRAND"": {""vote"": null, ""hits"": [""catlink""]}, ""LF_HW"": {""vote"": null, ""hits"": [""猫砂盆""]}, ""LF_PET"": {""vote"": null, ""hits"": [""猫"", ""铲屎"", ""猫咪""]}, ""LF_SMART"": {""vote"": null, ""hits"": [""智能""]}, ""LF_SUPPLY"": {""vote"": ""B"", ""hits"": [""猫砂""]}, ""LF_HEALTH"": {""vote"": null, ""hits"": []}, ""LF_A_BRAND_HW"": {""vote"": ""A"", ""hits"": [""catlink"", ""猫砂盆""]}, ""LF_A_PET_HW_SMART"": {""vote"": ""A"", ""hits"": [""智能""]}, ""LF_B_PET_HW_PLAIN"": {""vote"": null, ""hits"": []}, ""LF_C_PET_ONLY"": {""vote"": null, ""hits"": []}}",A,硬件产品,猫砂盆,0.95,,CatLink智能猫砂盆评测,0.1698,A,,
随机(度量用),59,catlink大白猫砂盆，拆洗难度算简单的,"生活记录,猫猫,宠物",316,A,,"{""B"": 2.0, ""A"": 3.1}","{""LF_NOISE"": {""vote"": null, ""hits"": []}, ""LF_GAME"": {""vote"": null, ""hits"": []}, ""LF_BRAND"": {""vote"": null, ""hits"": [""catlink""]}, ""LF_HW"": {""vote"": null, ""hits"": [""猫砂盆""]}, ""LF_PET"": {""vote"": null, ""hits"": [""猫"", ""宠物""]}, ""LF_SMART"": {""vote"": null, ""hits"": []}, ""LF_SUPPLY"": {""vote"": ""B"", ""hits"": [""猫砂""]}, ""LF_HEALTH"": {""vote"": null, ""hits"": []}, ""LF_A_BRAND_HW"": {""vote"": ""A"", ""hits"": [""catlink"", ""猫砂盆""]}, ""LF_A_PET_HW_SMART"": {""vote"": null, ""hits"": []}, ""LF_B_PET_HW_PLAIN"": {""vote"": ""B"", ""hits"": [""猫砂盆""]}, ""LF_C_PET_ONLY"": {""vote"": null, ""hits"": []}}",A,硬件产品,猫砂盆,0.9,,catlink大白猫砂盆拆洗,0.3921,A,,
随机(度量用),60,热门开放式猫砂盆真实测评！cewey和魔铲到底有什么区别？,"双十一,测评,好物,喵星人,分享,自动猫砂盆,猫砂,区别,购物清单",5823,A,,"{""B"": 0.9, ""A"": 2.8}","{""LF_NOISE"": {""vote"": null, ""hits"": []}, ""LF_GAME"": {""vote"": null, ""hits"": []}, ""LF_BRAND"": {""vote"": null, ""hits"": []}, ""LF_HW"": {""vote"": null, ""hits"": [""猫砂盆""]}, ""LF_PET"": {""vote"": null, ""hits"": [""猫"", ""喵""]}, ""LF_SMART"": {""vote"": null, ""hits"": [""自动""]}, ""LF_SUPPLY"": {""vote"": ""B"", ""hits"": [""猫砂""]}, ""LF_HEALTH"": {""vote"": null, ""hits"": []}, ""LF_A_BRAND_HW"": {""vote"": null, ""hits"": []}, ""LF_A_PET_HW_SMART"": {""vote"": ""A"", ""hits"": [""自动""]}, ""LF_B_PET_HW_PLAIN"": {""vote"": null, ""hits"": []}, ""LF_C_PET_ONLY"": {""vote"": null, ""hits"": []}}",A,硬件产品,猫砂盆,0.85,,开放式自动猫砂盆测评,0.2432,A,,
随机(度量用),61,自动猫砂盆 KT猫版DIY省九百 hellokitty,"手工diy,猫砂盆,智能,手工,创意,宠物",810,A,,"{""B"": 0.9, ""A"": 2.8}","{""LF_NOISE"": {""vote"": null, ""hits"": []}, ""LF_GAME"": {""vote"": null, ""hits"": []}, ""LF_BRAND"": {""vote"": null, ""hits"": []}, ""LF_HW"": {""vote"": null, ""hits"": [""猫砂盆""]}, ""LF_PET"": {""vote"": null, ""hits"": [""猫"", ""宠物""]}, ""LF_SMART"": {""vote"": null, ""hits"": [""智能"", ""自动""]}, ""LF_SUPPLY"": {""vote"": ""B"", ""hits"": [""猫砂""]}, ""LF_HEALTH"": {""vote"": null, ""hits"": []}, ""LF_A_BRAND_HW"": {""vote"": null, ""hits"": []}, ""LF_A_PET_HW_SMART"": {""vote"": ""A"", ""hits"": [""智能"", ""自动""]}, ""LF_B_PET_HW_PLAIN"": {""vote"": null, ""hits"": []}, ""LF_C_PET_ONLY"": {""vote"": null, ""hits"": []}}",A,硬件DIY,猫砂盆,0.85,,自动猫砂盆DIY改造,0.2432,A,,
随机(度量用),62,养圆子更方便了捏,"#智能猫砂盆,喵星人,谁家小猫这么可爱,#智能养宠用小佩,动物总动员12.0-毛孩子美食季,#自动猫砂盆",318,A,,"{""B"": 0.9, ""A"": 4.4}","{""LF_NOISE"": {""vote"": null, ""hits"": []}, ""LF_GAME"": {""vote"": null, ""hits"": []}, ""LF_BRAND"": {""vote"": null, ""hits"": [""小佩""]}, ""LF_HW"": {""vote"": null, ""hits"": [""猫砂盆""]}, ""LF_PET"": {""vote"": null, ""hits"": [""猫"", ""喵"", ""养宠"", ""毛孩子"", ""小猫""]}, ""LF_SMART"": {""vote"": null, ""hits"": [""智能"", ""自动""]}, ""LF_SUPPLY"": {""vote"": ""B"", ""hits"": [""猫砂""]}, ""LF_HEALTH"": {""vote"": null, ""hits"": []}, ""LF_A_BRAND_HW"": {""vote"": ""A"", ""hits"": [""小佩"", ""猫砂盆""]}, ""LF_A_PET_HW_SMART"": {""vote"": ""A"", ""hits"": [""智能"", ""自动""]}, ""LF_B_PET_HW_PLAIN"": {""vote"": null, ""hits"": []}, ""LF_C_PET_ONLY"": {""vote"": null, ""hits"": []}}",A,硬件产品,猫砂盆,0.9,,智能猫砂盆使用分享,0.1698,A,,
随机(度量用),63,小佩双翼猫砂盆，值得拥有！,"猫砂,我在B站搞装修",3722,A,,"{""B"": 2.0, ""A"": 3.1}","{""LF_NOISE"": {""vote"": null, ""hits"": []}, ""LF_GAME"": {""vote"": null, ""hits"": []}, ""LF_BRAND"": {""vote"": null, ""hits"": [""小佩""]}, ""LF_HW"": {""vote"": null, ""hits"": [""猫砂盆""]}, ""LF_PET"": {""vote"": null, ""hits"": [""猫""]}, ""LF_SMART"": {""vote"": null, ""hits"": []}, ""LF_SUPPLY"": {""vote"": ""B"", ""hits"": [""猫砂""]}, ""LF_HEALTH"": {""vote"": null, ""hits"": []}, ""LF_A_BRAND_HW"": {""vote"": ""A"", ""hits"": [""小佩"", ""猫砂盆""]}, ""LF_A_PET_HW_SMART"": {""vote"": null, ""hits"": []}, ""LF_B_PET_HW_PLAIN"": {""vote"": ""B"", ""hits"": [""猫砂盆""]}, ""LF_C_PET_ONLY"": {""vote"": null, ""hits"": []}}",A,硬件产品,猫砂盆,1,1,小佩双翼猫砂盆，品牌智能款,0.3921,A,,
随机(度量用),64,STM32智能宠物喂食系统(升级版),"电子信息,物联网,单片机开发,STM32单片机,嵌入式,电子设计,毕业设计,智能家居,自动化,STM32",156499,A,,"{""C"": 1.0, ""A"": 1.5}","{""LF_NOISE"": {""vote"": null, ""hits"": []}, ""LF_GAME"": {""vote"": null, ""hits"": []}, ""LF_BRAND"": {""vote"": null, ""hits"": []}, ""LF_HW"": {""vote"": null, ""hits"": []}, ""LF_PET"": {""vote"": null, ""hits"": [""宠物""]}, ""LF_SMART"": {""vote"": null, ""hits"": [""智能"", ""自动"", ""联网"", ""物联网""]}, ""LF_SUPPLY"": {""vote"": null, ""hits"": []}, ""LF_HEALTH"": {""vote"": null, ""hits"": []}, ""LF_A_BRAND_HW"": {""vote"": null, ""hits"": []}, ""LF_A_PET_HW_SMART"": {""vote"": null, ""hits"": []}, ""LF_B_PET_HW_PLAIN"": {""vote"": null, ""hits"": []}, ""LF_C_PET_ONLY"": {""vote"": ""C"", ""hits"": [""宠物""]}}",A,硬件DIY,喂食器,0.9,,STM32智能宠物喂食系统,0.4,A,,
随机(度量用),65,不爱喝水的小猫咪那咱就给它来个投其所好吧#猫喝水 #宠物饮水器 #猫碗 #养宠人也太卷了 #骗猫喝水,"小奶猫,小猫咪,猫猫,猫咪,喵星人,毛茸茸的夏天,迷惑行为,喝水,神器,宠物",5155,A,,"{""B"": 1.1, ""A"": 1.5}","{""LF_NOISE"": {""vote"": null, ""hits"": []}, ""LF_GAME"": {""vote"": null, ""hits"": []}, ""LF_BRAND"": {""vote"": null, ""hits"": []}, ""LF_HW"": {""vote"": null, ""hits"": [""饮水器""]}, ""LF_PET"": {""vote"": null, ""hits"": [""猫"", ""宠物"", ""喵"", ""养宠"", ""小猫"", ""猫咪""]}, ""LF_SMART"": {""vote"": null, ""hits"": []}, ""LF_SUPPLY"": {""vote"": null, ""hits"": []}, ""LF_HEALTH"": {""vote"": null, ""hits"": []}, ""LF_A_BRAND_HW"": {""vote"": null, ""hits"": []}, ""LF_A_PET_HW_SMART"": {""vote"": null, ""hits"": []}, ""LF_B_PET_HW_PLAIN"": {""vote"": ""B"", ""hits"": [""饮水器""]}, ""LF_C_PET_ONLY"": {""vote"": null, ""hits"": []}}",A,硬件产品,饮水机,0.85,,宠物饮水器推荐,0.4231,A,,
随机(度量用),66,小佩智能猫砂盆，1台搞定，家里基本没异味！,"猫猫,家居,智能家居,异味",123,A,,"{""B"": 0.9, ""A"": 4.4}","{""LF_NOISE"": {""vote"": null, ""hits"": []}, ""LF_GAME"": {""vote"": null, ""hits"": []}, ""LF_BRAND"": {""vote"": null, ""hits"": [""小佩""]}, ""LF_HW"": {""vote"": null, ""hits"": [""猫砂盆""]}, ""LF_PET"": {""vote"": null, ""hits"": [""猫""]}, ""LF_SMART"": {""vote"": null, ""hits"": [""智能""]}, ""LF_SUPPLY"": {""vote"": ""B"", ""hits"": [""猫砂""]}, ""LF_HEALTH"": {""vote"": null, ""hits"": []}, ""LF_A_BRAND_HW"": {""vote"": ""A"", ""hits"": [""小佩"", ""猫砂盆""]}, ""LF_A_PET_HW_SMART"": {""vote"": ""A"", ""hits"": [""智能""]}, ""LF_B_PET_HW_PLAIN"": {""vote"": null, ""hits"": []}, ""LF_C_PET_ONLY"": {""vote"": null, ""hits"": []}}",A,硬件产品,猫砂盆,0.95,,小佩智能猫砂盆,0.1698,A,,
随机(度量用),67,【宠物智能喂食器推荐】米家宠物喂食器2L｜小尺寸全自动猫狗喂食器｜定时定量投喂｜APP远程控制｜静音设计｜防卡粮结构,"科技猎手,小米,狗狗,猫咪,低价好物,米家,国家补贴",347,A,,"{""A"": 2.8}","{""LF_NOISE"": {""vote"": null, ""hits"": []}, ""LF_GAME"": {""vote"": null, ""hits"": []}, ""LF_BRAND"": {""vote"": null, ""hits"": []}, ""LF_HW"": {""vote"": null, ""hits"": [""喂食器""]}, ""LF_PET"": {""vote"": null, ""hits"": [""猫"", ""狗"", ""宠物"", ""猫咪"", ""狗狗""]}, ""LF_SMART"": {""vote"": null, ""hits"": [""智能"", ""自动"", ""全自动"", ""app"", ""远程"", ""定时""]}, ""LF_SUPPLY"": {""vote"": null, ""hits"": []}, ""LF_HEALTH"": {""vote"": null, ""hits"": []}, ""LF_A_BRAND_HW"": {""vote"": null, ""hits"": []}, ""LF_A_PET_HW_SMART"": {""vote"": ""A"", ""hits"": [""智能"", ""自动"", ""全自动"", ""app""]}, ""LF_B_PET_HW_PLAIN"": {""vote"": null, ""hits"": []}, ""LF_C_PET_ONLY"": {""vote"": null, ""hits"": []}}",A,硬件产品,喂食器,0.95,,米家宠物喂食器推荐,0.05,A,,
随机(度量用),68,小佩智能自动猫砂盆让猫咪如厕毫无困扰学,"喵星人,冬日陪伴季,智能,小奶猫",157,A,,"{""B"": 0.9, ""A"": 4.4}","{""LF_NOISE"": {""vote"": null, ""hits"": []}, ""LF_GAME"": {""vote"": null, ""hits"": []}, ""LF_BRAND"": {""vote"": null, ""hits"": [""小佩""]}, ""LF_HW"": {""vote"": null, ""hits"": [""猫砂盆""]}, ""LF_PET"": {""vote"": null, ""hits"": [""猫"", ""喵"", ""猫咪""]}, ""LF_SMART"": {""vote"": null, ""hits"": [""智能"", ""自动""]}, ""LF_SUPPLY"": {""vote"": ""B"", ""hits"": [""猫砂""]}, ""LF_HEALTH"": {""vote"": null, ""hits"": []}, ""LF_A_BRAND_HW"": {""vote"": ""A"", ""hits"": [""小佩"", ""猫砂盆""]}, ""LF_A_PET_HW_SMART"": {""vote"": ""A"", ""hits"": [""智能"", ""自动""]}, ""LF_B_PET_HW_PLAIN"": {""vote"": null, ""hits"": []}, ""LF_C_PET_ONLY"": {""vote"": null, ""hits"": []}}",A,硬件产品,猫砂盆,0.9,,小佩智能猫砂盆宣传,0.1698,A,,
随机(度量用),69,【宠物烘干箱】洗澡后再也不用吹风机！12款不同价位烘干箱大乱斗：全网最全选购指南，SMARTTAIL、志高、京猫、聚宠、小佩、霍曼优缺点实测。,"汪星人,喵星人,我的刀盾,宠物烘干,烘干箱,哈基米,猫洗澡,狗洗澡,吹风机,宠物",2122,A,,"{""N"": 0.45, ""A"": 3.1, ""B"": 1.1}","{""LF_NOISE"": {""vote"": ""N"", ""hits"": [""吹风机""]}, ""LF_GAME"": {""vote"": null, ""hits"": []}, ""LF_BRAND"": {""vote"": null, ""hits"": [""小佩"", ""霍曼""]}, ""LF_HW"": {""vote"": null, ""hits"": [""烘干箱""]}, ""LF_PET"": {""vote"": null, ""hits"": [""猫"", ""狗"", ""宠物"", ""喵"", ""汪""]}, ""LF_SMART"": {""vote"": null, ""hits"": []}, ""LF_SUPPLY"": {""vote"": null, ""hits"": []}, ""LF_HEALTH"": {""vote"": null, ""hits"": []}, ""LF_A_BRAND_HW"": {""vote"": ""A"", ""hits"": [""小佩"", ""霍曼"", ""烘干箱""]}, ""LF_A_PET_HW_SMART"": {""vote"": null, ""hits"": []}, ""LF_B_PET_HW_PLAIN"": {""vote"": ""B"", ""hits"": [""烘干箱""]}, ""LF_C_PET_ONLY"": {""vote"": null, ""hits"": []}}",A,硬件产品,烘干箱,0.95,,12款宠物烘干箱横评,0.285,A,,
随机(度量用),70,⚠️保姆级⚠️catlink自动猫砂盆使用指南📖#测评#Catlink智能猫砂盆小白#CATLINK智能猫砂盆ProX,"CATLINK智能猫砂盆ProX,自动猫砂盆,生活记录,好物测评团开团啦！,00:18,记录,学习,catlink小白,新手养猫,Catlink智能猫砂盆",3238,A,,"{""B"": 0.9, ""A"": 4.4}","{""LF_NOISE"": {""vote"": null, ""hits"": []}, ""LF_GAME"": {""vote"": null, ""hits"": []}, ""LF_BRAND"": {""vote"": null, ""hits"": [""catlink""]}, ""LF_HW"": {""vote"": null, ""hits"": [""猫砂盆""]}, ""LF_PET"": {""vote"": null, ""hits"": [""猫""]}, ""LF_SMART"": {""vote"": null, ""hits"": [""智能"", ""自动""]}, ""LF_SUPPLY"": {""vote"": ""B"", ""hits"": [""猫砂""]}, ""LF_HEALTH"": {""vote"": null, ""hits"": []}, ""LF_A_BRAND_HW"": {""vote"": ""A"", ""hits"": [""catlink"", ""猫砂盆""]}, ""LF_A_PET_HW_SMART"": {""vote"": ""A"", ""hits"": [""智能"", ""自动""]}, ""LF_B_PET_HW_PLAIN"": {""vote"": null, ""hits"": []}, ""LF_C_PET_ONLY"": {""vote"": null, ""hits"": []}}",A,硬件产品,猫砂盆,0.98,,catlink自动猫砂盆使用指南测评,0.1698,A,,
随机(度量用),71,给小宝买了自动喂粮器，出差上班族养狗神器，以后能放心出去玩了,"狗狗,自动喂粮器,萌宠星探官,巴哥犬",616,A,,"{""A"": 2.8}","{""LF_NOISE"": {""vote"": null, ""hits"": []}, ""LF_GAME"": {""vote"": null, ""hits"": []}, ""LF_BRAND"": {""vote"": null, ""hits"": []}, ""LF_HW"": {""vote"": null, ""hits"": [""喂粮器""]}, ""LF_PET"": {""vote"": null, ""hits"": [""狗"", ""犬"", ""狗狗""]}, ""LF_SMART"": {""vote"": null, ""hits"": [""自动""]}, ""LF_SUPPLY"": {""vote"": null, ""hits"": []}, ""LF_HEALTH"": {""vote"": null, ""hits"": []}, ""LF_A_BRAND_HW"": {""vote"": null, ""hits"": []}, ""LF_A_PET_HW_SMART"": {""vote"": ""A"", ""hits"": [""自动""]}, ""LF_B_PET_HW_PLAIN"": {""vote"": null, ""hits"": []}, ""LF_C_PET_ONLY"": {""vote"": null, ""hits"": []}}",A,硬件产品,喂食器,0.9,,自动喂粮器属智能喂食器,0.1,A,,
随机(度量用),72,猫咪自动冲水马桶智能猫砂盆,"猫砂盆,喵星人,猫咪马桶训练,田园猫,智能猫砂盆",1591,A,,"{""B"": 0.9, ""A"": 2.8}","{""LF_NOISE"": {""vote"": null, ""hits"": []}, ""LF_GAME"": {""vote"": null, ""hits"": []}, ""LF_BRAND"": {""vote"": null, ""hits"": []}, ""LF_HW"": {""vote"": null, ""hits"": [""猫砂盆""]}, ""LF_PET"": {""vote"": null, ""hits"": [""猫"", ""喵"", ""猫咪"", ""田园猫""]}, ""LF_SMART"": {""vote"": null, ""hits"": [""智能"", ""自动""]}, ""LF_SUPPLY"": {""vote"": ""B"", ""hits"": [""猫砂""]}, ""LF_HEALTH"": {""vote"": null, ""hits"": []}, ""LF_A_BRAND_HW"": {""vote"": null, ""hits"": []}, ""LF_A_PET_HW_SMART"": {""vote"": ""A"", ""hits"": [""智能"", ""自动""]}, ""LF_B_PET_HW_PLAIN"": {""vote"": null, ""hits"": []}, ""LF_C_PET_ONLY"": {""vote"": null, ""hits"": []}}",A,硬件产品,猫砂盆,0.9,,智能猫砂盆,0.2432,A,,
随机(度量用),73,米家宠物饮水机2，终于可以除菌了！！！ [有没有用 132],"科技猎手,小庚庚,宠物饮水机,哈基米,除菌,米家,智能家居,小米,宠物,猫咪",10422,A,,"{""A"": 2.8}","{""LF_NOISE"": {""vote"": null, ""hits"": []}, ""LF_GAME"": {""vote"": null, ""hits"": []}, ""LF_BRAND"": {""vote"": null, ""hits"": []}, ""LF_HW"": {""vote"": null, ""hits"": [""饮水机""]}, ""LF_PET"": {""vote"": null, ""hits"": [""猫"", ""宠物"", ""猫咪""]}, ""LF_SMART"": {""vote"": null, ""hits"": [""智能"", ""除菌""]}, ""LF_SUPPLY"": {""vote"": null, ""hits"": []}, ""LF_HEALTH"": {""vote"": null, ""hits"": []}, ""LF_A_BRAND_HW"": {""vote"": null, ""hits"": []}, ""LF_A_PET_HW_SMART"": {""vote"": ""A"", ""hits"": [""智能"", ""除菌""]}, ""LF_B_PET_HW_PLAIN"": {""vote"": null, ""hits"": []}, ""LF_C_PET_ONLY"": {""vote"": null, ""hits"": []}}",A,硬件产品,饮水机,0.95,,米家宠物饮水机评测,0.05,A,,
随机(度量用),74,【智能猫砂盆】CATLINK与小佩猫砂盆快速对比！！,"矮脚猫,动物观察局,英短,自动猫砂盆,曼基康,猫砂盆,铲屎官,智能猫砂盆,猫片",20309,A,,"{""B"": 0.9, ""A"": 4.4}","{""LF_NOISE"": {""vote"": null, ""hits"": []}, ""LF_GAME"": {""vote"": null, ""hits"": []}, ""LF_BRAND"": {""vote"": null, ""hits"": [""小佩"", ""catlink""]}, ""LF_HW"": {""vote"": null, ""hits"": [""猫砂盆""]}, ""LF_PET"": {""vote"": null, ""hits"": [""猫"", ""铲屎"", ""英短""]}, ""LF_SMART"": {""vote"": null, ""hits"": [""智能"", ""自动""]}, ""LF_SUPPLY"": {""vote"": ""B"", ""hits"": [""猫砂""]}, ""LF_HEALTH"": {""vote"": null, ""hits"": []}, ""LF_A_BRAND_HW"": {""vote"": ""A"", ""hits"": [""小佩"", ""catlink"", ""猫砂盆""]}, ""LF_A_PET_HW_SMART"": {""vote"": ""A"", ""hits"": [""智能"", ""自动""]}, ""LF_B_PET_HW_PLAIN"": {""vote"": null, ""hits"": []}, ""LF_C_PET_ONLY"": {""vote"": null, ""hits"": []}}",A,硬件产品,猫砂盆,0.95,,CATLINK与小佩猫砂盆对比,0.1698,A,,
随机(度量用),75,【2026宠物自动喂食机推荐】宠物自动喂食机、自动喂食器、智能喂食器、宠物投食器、猫咪喂食机、定时喂食器怎么选？定时定量、视频监控，选购指南、横评避坑，8款对比,"科学,猫咪喂食机,宠物自动喂食机怎么选,宠物自动喂食机推荐,宠物自动喂食机测评,宠物投食器,宠物自动喂食机,自动喂食器,智能喂食器,宠物",144,A,,"{""A"": 2.8}","{""LF_NOISE"": {""vote"": null, ""hits"": []}, ""LF_GAME"": {""vote"": null, ""hits"": []}, ""LF_BRAND"": {""vote"": null, ""hits"": []}, ""LF_HW"": {""vote"": null, ""hits"": [""喂食器"", ""喂食机"", ""投食器"", ""监控""]}, ""LF_PET"": {""vote"": null, ""hits"": [""猫"", ""宠物"", ""猫咪""]}, ""LF_SMART"": {""vote"": null, ""hits"": [""智能"", ""自动"", ""定时""]}, ""LF_SUPPLY"": {""vote"": null, ""hits"": []}, ""LF_HEALTH"": {""vote"": null, ""hits"": []}, ""LF_A_BRAND_HW"": {""vote"": null, ""hits"": []}, ""LF_A_PET_HW_SMART"": {""vote"": ""A"", ""hits"": [""智能"", ""自动"", ""定时""]}, ""LF_B_PET_HW_PLAIN"": {""vote"": null, ""hits"": []}, ""LF_C_PET_ONLY"": {""vote"": null, ""hits"": []}}",A,硬件产品,喂食器,0.95,,自动喂食机推荐横评,0.05,A,,
随机(度量用),76,坑龟的自动喂食器！小乌龟气得站起来，主人看了会落泪,"自动喂食器,动物观察局·心动的信号,动物圈达人创作营,萌化你的动物瞬间,小乌龟,中华草龟",37425,A,,"{""A"": 2.8}","{""LF_NOISE"": {""vote"": null, ""hits"": []}, ""LF_GAME"": {""vote"": null, ""hits"": []}, ""LF_BRAND"": {""vote"": null, ""hits"": []}, ""LF_HW"": {""vote"": null, ""hits"": [""喂食器""]}, ""LF_PET"": {""vote"": null, ""hits"": [""乌龟""]}, ""LF_SMART"": {""vote"": null, ""hits"": [""自动""]}, ""LF_SUPPLY"": {""vote"": null, ""hits"": []}, ""LF_HEALTH"": {""vote"": null, ""hits"": []}, ""LF_A_BRAND_HW"": {""vote"": null, ""hits"": []}, ""LF_A_PET_HW_SMART"": {""vote"": ""A"", ""hits"": [""自动""]}, ""LF_B_PET_HW_PLAIN"": {""vote"": null, ""hits"": []}, ""LF_C_PET_ONLY"": {""vote"": null, ""hits"": []}}",A,硬件产品,喂食器,1,1,自动喂食器喂乌龟,0,A,,
随机(度量用),77,【宠物喂食器618横评】宠物自动喂食器新手别乱买！带摄像头真的有必要吗？猫狗智能喂食器AI、卡粮、保鲜到底哪个最重要？小佩/米家/霍曼/喵享家/DUDU Pet,"猫狗喂食器,猫咪喂食器,宠物自动喂食器,新手养猫,哈基米,自动喂食器,选购指南,动物总动员,智能家居,宠物",5279,A,,"{""A"": 4.4}","{""LF_NOISE"": {""vote"": null, ""hits"": []}, ""LF_GAME"": {""vote"": null, ""hits"": []}, ""LF_BRAND"": {""vote"": null, ""hits"": [""小佩"", ""霍曼""]}, ""LF_HW"": {""vote"": null, ""hits"": [""喂食器"", ""摄像头""]}, ""LF_PET"": {""vote"": null, ""hits"": [""猫"", ""狗"", ""宠物"", ""喵"", ""猫咪""]}, ""LF_SMART"": {""vote"": null, ""hits"": [""智能"", ""自动""]}, ""LF_SUPPLY"": {""vote"": null, ""hits"": []}, ""LF_HEALTH"": {""vote"": null, ""hits"": []}, ""LF_A_BRAND_HW"": {""vote"": ""A"", ""hits"": [""小佩"", ""霍曼"", ""喂食器"", ""摄像头""]}, ""LF_A_PET_HW_SMART"": {""vote"": ""A"", ""hits"": [""智能"", ""自动""]}, ""LF_B_PET_HW_PLAIN"": {""vote"": null, ""hits"": []}, ""LF_C_PET_ONLY"": {""vote"": null, ""hits"": []}}",A,硬件产品,喂食器,0.95,,宠物自动喂食器618横评,0.05,A,,
随机(度量用),78,【吊牌测试】CATLINK智能喂食器Fresh2,"CATLINK,智能喂食器,喵星人,宠物喂食器",786,A,,"{""A"": 4.4}","{""LF_NOISE"": {""vote"": null, ""hits"": []}, ""LF_GAME"": {""vote"": null, ""hits"": []}, ""LF_BRAND"": {""vote"": null, ""hits"": [""catlink""]}, ""LF_HW"": {""vote"": null, ""hits"": [""喂食器""]}, ""LF_PET"": {""vote"": null, ""hits"": [""宠物"", ""喵""]}, ""LF_SMART"": {""vote"": null, ""hits"": [""智能""]}, ""LF_SUPPLY"": {""vote"": null, ""hits"": []}, ""LF_HEALTH"": {""vote"": null, ""hits"": []}, ""LF_A_BRAND_HW"": {""vote"": ""A"", ""hits"": [""catlink"", ""喂食器""]}, ""LF_A_PET_HW_SMART"": {""vote"": ""A"", ""hits"": [""智能""]}, ""LF_B_PET_HW_PLAIN"": {""vote"": null, ""hits"": []}, ""LF_C_PET_ONLY"": {""vote"": null, ""hits"": []}}",A,硬件产品,喂食器,0.95,,CATLINK智能喂食器测评,0.05,A,,
随机(度量用),79,三种自动喂鱼器的优缺点,"机械,自动喂鱼器,发明创造,养殖",1663,A,,"{""A"": 1.5}","{""LF_NOISE"": {""vote"": null, ""hits"": []}, ""LF_GAME"": {""vote"": null, ""hits"": []}, ""LF_BRAND"": {""vote"": null, ""hits"": []}, ""LF_HW"": {""vote"": null, ""hits"": []}, ""LF_PET"": {""vote"": null, ""hits"": []}, ""LF_SMART"": {""vote"": null, ""hits"": [""自动""]}, ""LF_SUPPLY"": {""vote"": null, ""hits"": []}, ""LF_HEALTH"": {""vote"": null, ""hits"": []}, ""LF_A_BRAND_HW"": {""vote"": null, ""hits"": []}, ""LF_A_PET_HW_SMART"": {""vote"": null, ""hits"": []}, ""LF_B_PET_HW_PLAIN"": {""vote"": null, ""hits"": []}, ""LF_C_PET_ONLY"": {""vote"": null, ""hits"": []}}",A,硬件产品,喂食器,1,1,自动喂鱼器优缺点，属鱼缸硬件,0,A,,
随机(度量用),80,【更换垃圾袋】CATLINK小白智能猫砂盆,"CATLINK,猫砂盆,猫咪,智能家居,小白,自动猫砂盆,智能猫砂盆",11983,A,,"{""B"": 0.9, ""A"": 4.4}","{""LF_NOISE"": {""vote"": null, ""hits"": []}, ""LF_GAME"": {""vote"": null, ""hits"": []}, ""LF_BRAND"": {""vote"": null, ""hits"": [""catlink""]}, ""LF_HW"": {""vote"": null, ""hits"": [""猫砂盆""]}, ""LF_PET"": {""vote"": null, ""hits"": [""猫"", ""猫咪""]}, ""LF_SMART"": {""vote"": null, ""hits"": [""智能"", ""自动""]}, ""LF_SUPPLY"": {""vote"": ""B"", ""hits"": [""猫砂""]}, ""LF_HEALTH"": {""vote"": null, ""hits"": []}, ""LF_A_BRAND_HW"": {""vote"": ""A"", ""hits"": [""catlink"", ""猫砂盆""]}, ""LF_A_PET_HW_SMART"": {""vote"": ""A"", ""hits"": [""智能"", ""自动""]}, ""LF_B_PET_HW_PLAIN"": {""vote"": null, ""hits"": []}, ""LF_C_PET_ONLY"": {""vote"": null, ""hits"": []}}",A,硬件产品,猫砂盆,0.95,,CATLINK智能猫砂盆换袋教程,0.1698,A,,
随机(度量用),81,入行宠物自媒体一个月，被huo曼诈骗了？？？,"自动猫砂盆,反诈,霍曼,吃瓜,铲屎官,骗子,猫咪",400,A,,"{""B"": 2.4, ""A"": 2.9}","{""LF_NOISE"": {""vote"": null, ""hits"": []}, ""LF_GAME"": {""vote"": null, ""hits"": []}, ""LF_BRAND"": {""vote"": null, ""hits"": [""霍曼""]}, ""LF_HW"": {""vote"": null, ""hits"": [""猫砂盆""]}, ""LF_PET"": {""vote"": null, ""hits"": [""猫"", ""宠物"", ""铲屎"", ""猫咪""]}, ""LF_SMART"": {""vote"": null, ""hits"": [""自动""]}, ""LF_SUPPLY"": {""vote"": ""B"", ""hits"": [""猫砂""]}, ""LF_HEALTH"": {""vote"": null, ""hits"": []}, ""LF_A_BRAND_HW"": {""vote"": ""A"", ""hits"": [""霍曼"", ""猫砂盆""]}, ""LF_A_PET_HW_SMART"": {""vote"": ""A"", ""hits"": [""自动""]}, ""LF_B_PET_HW_PLAIN"": {""vote"": null, ""hits"": []}, ""LF_C_PET_ONLY"": {""vote"": null, ""hits"": []}}",B,硬件产品,猫砂盆,0.75,0.75,自动猫砂盆相关，涉霍曼,0.85,C,N,讲的应该是up主在霍曼工作的内容
随机(度量用),82,沙豹防犬实测小区遇到恶犬最好的遛狗装备,"婴儿保护,沙豹喷雾,辣椒水,小区,恶犬,防狼喷雾,遛狗,催泪瓦斯",649,B,,"{""N"": 0.45, ""C"": 1.0, ""B"": 1.5}","{""LF_NOISE"": {""vote"": ""N"", ""hits"": [""婴儿""]}, ""LF_GAME"": {""vote"": null, ""hits"": []}, ""LF_BRAND"": {""vote"": null, ""hits"": []}, ""LF_HW"": {""vote"": null, ""hits"": []}, ""LF_PET"": {""vote"": null, ""hits"": [""狗"", ""犬""]}, ""LF_SMART"": {""vote"": null, ""hits"": []}, ""LF_SUPPLY"": {""vote"": null, ""hits"": []}, ""LF_HEALTH"": {""vote"": null, ""hits"": []}, ""LF_A_BRAND_HW"": {""vote"": null, ""hits"": []}, ""LF_A_PET_HW_SMART"": {""vote"": null, ""hits"": []}, ""LF_B_PET_HW_PLAIN"": {""vote"": null, ""hits"": []}, ""LF_C_PET_ONLY"": {""vote"": ""C"", ""hits"": [""狗"", ""犬""]}}",B,非硬件选购,,1,1,防犬喷雾，非智能硬件,0.4153,N,N,这是防犬喷雾，根本不是养宠的/(ㄒoㄒ)/~~
随机(度量用),83,116-狗皮肤病治疗方案，只需6块钱,人类的好朋友,116061,C,,"{""C"": 1.9, ""B"": 1.5}","{""LF_NOISE"": {""vote"": null, ""hits"": []}, ""LF_GAME"": {""vote"": null, ""hits"": []}, ""LF_BRAND"": {""vote"": null, ""hits"": []}, ""LF_HW"": {""vote"": null, ""hits"": []}, ""LF_PET"": {""vote"": null, ""hits"": [""狗""]}, ""LF_SMART"": {""vote"": null, ""hits"": []}, ""LF_SUPPLY"": {""vote"": null, ""hits"": []}, ""LF_HEALTH"": {""vote"": ""C"", ""hits"": [""治疗""]}, ""LF_A_BRAND_HW"": {""vote"": null, ""hits"": []}, ""LF_A_PET_HW_SMART"": {""vote"": null, ""hits"": []}, ""LF_B_PET_HW_PLAIN"": {""vote"": null, ""hits"": []}, ""LF_C_PET_ONLY"": {""vote"": ""C"", ""hits"": [""狗""]}}",B,健康医疗,,0.8,,狗皮肤病治疗，非硬件,0.85,C,,
随机(度量用),84,掉毛季穿的小裙子。猫毛不会满天飞了,"种草大作战,划算,种草,日常,推荐,1688,安利,分享,省钱,生活",2404,B,,"{""C"": 1.0, ""B"": 1.5}","{""LF_NOISE"": {""vote"": null, ""hits"": []}, ""LF_GAME"": {""vote"": null, ""hits"": []}, ""LF_BRAND"": {""vote"": null, ""hits"": []}, ""LF_HW"": {""vote"": null, ""hits"": []}, ""LF_PET"": {""vote"": null, ""hits"": [""猫""]}, ""LF_SMART"": {""vote"": null, ""hits"": []}, ""LF_SUPPLY"": {""vote"": null, ""hits"": []}, ""LF_HEALTH"": {""vote"": null, ""hits"": []}, ""LF_A_BRAND_HW"": {""vote"": null, ""hits"": []}, ""LF_A_PET_HW_SMART"": {""vote"": null, ""hits"": []}, ""LF_B_PET_HW_PLAIN"": {""vote"": null, ""hits"": []}, ""LF_C_PET_ONLY"": {""vote"": ""C"", ""hits"": [""猫""]}}",B,耗材日用,,0.75,0.75,防猫毛裙子，非智能硬件,0.4,B,,
随机(度量用),85,好纠结！猫砂盆和猫砂怎么选啊,"每天一个养宠小知识,开启暑假的100种方式,新手养猫,喵星人",266,B,,"{""B"": 3.5}","{""LF_NOISE"": {""vote"": null, ""hits"": []}, ""LF_GAME"": {""vote"": null, ""hits"": []}, ""LF_BRAND"": {""vote"": null, ""hits"": []}, ""LF_HW"": {""vote"": null, ""hits"": [""猫砂盆""]}, ""LF_PET"": {""vote"": null, ""hits"": [""猫"", ""喵"", ""养宠""]}, ""LF_SMART"": {""vote"": null, ""hits"": []}, ""LF_SUPPLY"": {""vote"": ""B"", ""hits"": [""猫砂""]}, ""LF_HEALTH"": {""vote"": null, ""hits"": []}, ""LF_A_BRAND_HW"": {""vote"": null, ""hits"": []}, ""LF_A_PET_HW_SMART"": {""vote"": null, ""hits"": []}, ""LF_B_PET_HW_PLAIN"": {""vote"": ""B"", ""hits"": [""猫砂盆""]}, ""LF_C_PET_ONLY"": {""vote"": null, ""hits"": []}}",B,非硬件选购,,0.9,,猫砂盆和猫砂选择，非智能,0.1,B,,
随机(度量用),86,平替泌尿道处方粮猫咪尿闭 公猫尿闭 皇家猫粮,"动物总动员,喵星人,猫粮,养猫,动物总动员7.0-养宠的快乐瞬间",3484,B,,"{""B"": 2.4, ""C"": 1.9}","{""LF_NOISE"": {""vote"": null, ""hits"": []}, ""LF_GAME"": {""vote"": null, ""hits"": []}, ""LF_BRAND"": {""vote"": null, ""hits"": []}, ""LF_HW"": {""vote"": null, ""hits"": []}, ""LF_PET"": {""vote"": null, ""hits"": [""猫"", ""喵"", ""养宠"", ""猫咪""]}, ""LF_SMART"": {""vote"": null, ""hits"": []}, ""LF_SUPPLY"": {""vote"": ""B"", ""hits"": [""猫粮""]}, ""LF_HEALTH"": {""vote"": ""C"", ""hits"": [""泌尿"", ""尿闭""]}, ""LF_A_BRAND_HW"": {""vote"": null, ""hits"": []}, ""LF_A_PET_HW_SMART"": {""vote"": null, ""hits"": []}, ""LF_B_PET_HW_PLAIN"": {""vote"": null, ""hits"": []}, ""LF_C_PET_ONLY"": {""vote"": ""C"", ""hits"": [""猫"", ""喵"", ""养宠"", ""猫咪""]}}",B,耗材日用,,0.9,,处方粮平替选购,0.4418,C,C,
随机(度量用),87,猫咪泌尿问题不要拖，反复花钱受罪多,"毛茸茸的聚会,卫仕,宠物猫,宠物,喵星人",1185,C,,"{""C"": 1.9, ""B"": 1.5}","{""LF_NOISE"": {""vote"": null, ""hits"": []}, ""LF_GAME"": {""vote"": null, ""hits"": []}, ""LF_BRAND"": {""vote"": null, ""hits"": []}, ""LF_HW"": {""vote"": null, ""hits"": []}, ""LF_PET"": {""vote"": null, ""hits"": [""猫"", ""宠物"", ""喵"", ""猫咪""]}, ""LF_SMART"": {""vote"": null, ""hits"": []}, ""LF_SUPPLY"": {""vote"": null, ""hits"": []}, ""LF_HEALTH"": {""vote"": ""C"", ""hits"": [""泌尿""]}, ""LF_A_BRAND_HW"": {""vote"": null, ""hits"": []}, ""LF_A_PET_HW_SMART"": {""vote"": null, ""hits"": []}, ""LF_B_PET_HW_PLAIN"": {""vote"": null, ""hits"": []}, ""LF_C_PET_ONLY"": {""vote"": ""C"", ""hits"": [""猫"", ""宠物"", ""喵"", ""猫咪""]}}",B,健康医疗,,0.88,,猫咪泌尿问题，健康科普,0.85,C,,
随机(度量用),88,你还在纠结要选哪款宠物饮水机吗？,"新手养猫,宠物饮水机,萌宠好物",26836,B,,"{""B"": 2.6}","{""LF_NOISE"": {""vote"": null, ""hits"": []}, ""LF_GAME"": {""vote"": null, ""hits"": []}, ""LF_BRAND"": {""vote"": null, ""hits"": []}, ""LF_HW"": {""vote"": null, ""hits"": [""饮水机""]}, ""LF_PET"": {""vote"": null, ""hits"": [""猫"", ""宠物""]}, ""LF_SMART"": {""vote"": null, ""hits"": []}, ""LF_SUPPLY"": {""vote"": null, ""hits"": []}, ""LF_HEALTH"": {""vote"": null, ""hits"": []}, ""LF_A_BRAND_HW"": {""vote"": null, ""hits"": []}, ""LF_A_PET_HW_SMART"": {""vote"": null, ""hits"": []}, ""LF_B_PET_HW_PLAIN"": {""vote"": ""B"", ""hits"": [""饮水机""]}, ""LF_C_PET_ONLY"": {""vote"": null, ""hits"": []}}",B,非硬件选购,,0.8,,宠物饮水机选购，未提智能,0.2,A,,宠物饮水机选购应该涉及了智能饮水机吧
随机(度量用),89,养狗人很容易忽视的狗狗疾病——发烧,"狗狗,汪星人,养狗",7048,C,,"{""C"": 1.9, ""B"": 1.5}","{""LF_NOISE"": {""vote"": null, ""hits"": []}, ""LF_GAME"": {""vote"": null, ""hits"": []}, ""LF_BRAND"": {""vote"": null, ""hits"": []}, ""LF_HW"": {""vote"": null, ""hits"": []}, ""LF_PET"": {""vote"": null, ""hits"": [""狗"", ""汪"", ""狗狗""]}, ""LF_SMART"": {""vote"": null, ""hits"": []}, ""LF_SUPPLY"": {""vote"": null, ""hits"": []}, ""LF_HEALTH"": {""vote"": ""C"", ""hits"": [""疾病""]}, ""LF_A_BRAND_HW"": {""vote"": null, ""hits"": []}, ""LF_A_PET_HW_SMART"": {""vote"": null, ""hits"": []}, ""LF_B_PET_HW_PLAIN"": {""vote"": null, ""hits"": []}, ""LF_C_PET_ONLY"": {""vote"": ""C"", ""hits"": [""狗"", ""汪"", ""狗狗""]}}",B,健康医疗,,0.85,,狗狗发烧疾病科普,0.85,C,,
随机(度量用),90,冷知识，猫发情很麻烦，教你如何解决麻烦。详细讲解猫发情因素，控制方法，术后保养。,"缅因猫,养猫,喵星人,毛孩子守护计划,猫,缅因,科普,狸花猫",42009,B,,"{""C"": 1.0, ""B"": 1.5}","{""LF_NOISE"": {""vote"": null, ""hits"": []}, ""LF_GAME"": {""vote"": null, ""hits"": []}, ""LF_BRAND"": {""vote"": null, ""hits"": []}, ""LF_HW"": {""vote"": null, ""hits"": []}, ""LF_PET"": {""vote"": null, ""hits"": [""猫"", ""喵"", ""毛孩子""]}, ""LF_SMART"": {""vote"": null, ""hits"": []}, ""LF_SUPPLY"": {""vote"": null, ""hits"": []}, ""LF_HEALTH"": {""vote"": null, ""hits"": []}, ""LF_A_BRAND_HW"": {""vote"": null, ""hits"": []}, ""LF_A_PET_HW_SMART"": {""vote"": null, ""hits"": []}, ""LF_B_PET_HW_PLAIN"": {""vote"": null, ""hits"": []}, ""LF_C_PET_ONLY"": {""vote"": ""C"", ""hits"": [""猫"", ""喵"", ""毛孩子""]}}",B,健康医疗,,0.85,,猫发情健康科普,0.4,C,,健康
随机(度量用),91,猫鼻支的系统性治疗及用药（在家治）,"绑架代替购买,猫鼻支,流浪猫,喵星人,小奶猫,新猫到家,流浪小奶猫,动物总动员",30539,C,,"{""C"": 1.9, ""B"": 1.5}","{""LF_NOISE"": {""vote"": null, ""hits"": []}, ""LF_GAME"": {""vote"": null, ""hits"": []}, ""LF_BRAND"": {""vote"": null, ""hits"": []}, ""LF_HW"": {""vote"": null, ""hits"": []}, ""LF_PET"": {""vote"": null, ""hits"": [""猫"", ""喵""]}, ""LF_SMART"": {""vote"": null, ""hits"": []}, ""LF_SUPPLY"": {""vote"": null, ""hits"": []}, ""LF_HEALTH"": {""vote"": ""C"", ""hits"": [""治疗""]}, ""LF_A_BRAND_HW"": {""vote"": null, ""hits"": []}, ""LF_A_PET_HW_SMART"": {""vote"": null, ""hits"": []}, ""LF_B_PET_HW_PLAIN"": {""vote"": null, ""hits"": []}, ""LF_C_PET_ONLY"": {""vote"": ""C"", ""hits"": [""猫"", ""喵""]}}",B,健康医疗,,0.9,,猫鼻支治疗用药,0.85,C,,非智能
随机(度量用),92,再也不用担心猫毛满天飞了！这个硅胶刮毛器用起来也太丝滑了~,"喵星人,猫毛狗毛处理,魔术刮毛器,宠物刮毛器,养宠好物,宠物掉毛",8913,B,,"{""C"": 1.0, ""B"": 1.5}","{""LF_NOISE"": {""vote"": null, ""hits"": []}, ""LF_GAME"": {""vote"": null, ""hits"": []}, ""LF_BRAND"": {""vote"": null, ""hits"": []}, ""LF_HW"": {""vote"": null, ""hits"": []}, ""LF_PET"": {""vote"": null, ""hits"": [""猫"", ""狗"", ""宠物"", ""喵"", ""养宠""]}, ""LF_SMART"": {""vote"": null, ""hits"": []}, ""LF_SUPPLY"": {""vote"": null, ""hits"": []}, ""LF_HEALTH"": {""vote"": null, ""hits"": []}, ""LF_A_BRAND_HW"": {""vote"": null, ""hits"": []}, ""LF_A_PET_HW_SMART"": {""vote"": null, ""hits"": []}, ""LF_B_PET_HW_PLAIN"": {""vote"": null, ""hits"": []}, ""LF_C_PET_ONLY"": {""vote"": ""C"", ""hits"": [""猫"", ""狗"", ""宠物"", ""喵""]}}",B,耗材日用,,0.85,,硅胶刮毛器非智能硬件，属除毛工具,0.4,B,,
随机(度量用),93,100+自制手摇猫砂盆2.0，再也不用铲屎啦！,"创意,详细教程,铲屎,家居整活大赏,喵星人,猫砂盆,萌宠好物,猫砂,手工,diy",95925,B,,"{""B"": 3.5}","{""LF_NOISE"": {""vote"": null, ""hits"": []}, ""LF_GAME"": {""vote"": null, ""hits"": []}, ""LF_BRAND"": {""vote"": null, ""hits"": []}, ""LF_HW"": {""vote"": null, ""hits"": [""猫砂盆""]}, ""LF_PET"": {""vote"": null, ""hits"": [""猫"", ""喵"", ""铲屎""]}, ""LF_SMART"": {""vote"": null, ""hits"": []}, ""LF_SUPPLY"": {""vote"": ""B"", ""hits"": [""猫砂""]}, ""LF_HEALTH"": {""vote"": null, ""hits"": []}, ""LF_A_BRAND_HW"": {""vote"": null, ""hits"": []}, ""LF_A_PET_HW_SMART"": {""vote"": null, ""hits"": []}, ""LF_B_PET_HW_PLAIN"": {""vote"": ""B"", ""hits"": [""猫砂盆""]}, ""LF_C_PET_ONLY"": {""vote"": null, ""hits"": []}}",B,硬件DIY,,0.9,,自制手摇猫砂盆非智能,0.1,B,B,非智能
随机(度量用),94,猫爬架怎么选不踩坑？2026年14款热门款测评推荐 覆盖20元到千元价位，含喵仙儿、梵都宠舍适配小户型多猫家庭选购避坑,"太空舱猫爬架,猫爬架推荐,剑麻猫抓柱,小户型猫爬架,新手养猫,多猫家庭,养猫必备,猫抓板,猫爬架",831,B,,"{""B"": 2.4, ""C"": 1.0}","{""LF_NOISE"": {""vote"": null, ""hits"": []}, ""LF_GAME"": {""vote"": null, ""hits"": []}, ""LF_BRAND"": {""vote"": null, ""hits"": []}, ""LF_HW"": {""vote"": null, ""hits"": []}, ""LF_PET"": {""vote"": null, ""hits"": [""猫"", ""喵""]}, ""LF_SMART"": {""vote"": null, ""hits"": []}, ""LF_SUPPLY"": {""vote"": ""B"", ""hits"": [""猫抓板"", ""猫爬架""]}, ""LF_HEALTH"": {""vote"": null, ""hits"": []}, ""LF_A_BRAND_HW"": {""vote"": null, ""hits"": []}, ""LF_A_PET_HW_SMART"": {""vote"": null, ""hits"": []}, ""LF_B_PET_HW_PLAIN"": {""vote"": null, ""hits"": []}, ""LF_C_PET_ONLY"": {""vote"": ""C"", ""hits"": [""猫"", ""喵""]}}",B,非硬件选购,,0.9,,猫爬架选购，非智能硬件,0.2941,B,,
随机(度量用),95,没错！帮助便秘角蛙手动来挤屎,"动物观察局,爬宠,角蛙,角蛙便秘,萌蛙",39648,B,,"{""C"": 1.0, ""B"": 1.5}","{""LF_NOISE"": {""vote"": null, ""hits"": []}, ""LF_GAME"": {""vote"": null, ""hits"": []}, ""LF_BRAND"": {""vote"": null, ""hits"": []}, ""LF_HW"": {""vote"": null, ""hits"": []}, ""LF_PET"": {""vote"": null, ""hits"": [""爬宠""]}, ""LF_SMART"": {""vote"": null, ""hits"": []}, ""LF_SUPPLY"": {""vote"": null, ""hits"": []}, ""LF_HEALTH"": {""vote"": null, ""hits"": []}, ""LF_A_BRAND_HW"": {""vote"": null, ""hits"": []}, ""LF_A_PET_HW_SMART"": {""vote"": null, ""hits"": []}, ""LF_B_PET_HW_PLAIN"": {""vote"": null, ""hits"": []}, ""LF_C_PET_ONLY"": {""vote"": ""C"", ""hits"": [""爬宠""]}}",B,健康医疗,,0.85,,角蛙便秘处理，爬宠健康,0.4,C,,健康
随机(度量用),96,猫砂盆选开放式&amp;封闭式？选错才是噩梦开始!,"woohuloo,woohuloo智能猫砂盆,猫咪冷知识,呼噜宝贝智能猫砂盆,猫咪上厕所,猫咪乱尿",3035,B,,"{""B"": 2.4, ""A"": 1.3}","{""LF_NOISE"": {""vote"": null, ""hits"": []}, ""LF_GAME"": {""vote"": null, ""hits"": []}, ""LF_BRAND"": {""vote"": null, ""hits"": []}, ""LF_HW"": {""vote"": null, ""hits"": [""猫砂盆""]}, ""LF_PET"": {""vote"": null, ""hits"": [""猫"", ""猫咪""]}, ""LF_SMART"": {""vote"": null, ""hits"": [""智能""]}, ""LF_SUPPLY"": {""vote"": ""B"", ""hits"": [""猫砂""]}, ""LF_HEALTH"": {""vote"": null, ""hits"": []}, ""LF_A_BRAND_HW"": {""vote"": null, ""hits"": []}, ""LF_A_PET_HW_SMART"": {""vote"": ""A"", ""hits"": [""智能""]}, ""LF_B_PET_HW_PLAIN"": {""vote"": null, ""hits"": []}, ""LF_C_PET_ONLY"": {""vote"": null, ""hits"": []}}",B,非硬件选购,,0.8,,猫砂盆类型选择，非智能硬件,0.3514,B,,
随机(度量用),97,猫砂盆大测评,猫猫猫猫猫,7906,B,,"{""B"": 3.5}","{""LF_NOISE"": {""vote"": null, ""hits"": []}, ""LF_GAME"": {""vote"": null, ""hits"": []}, ""LF_BRAND"": {""vote"": null, ""hits"": []}, ""LF_HW"": {""vote"": null, ""hits"": [""猫砂盆""]}, ""LF_PET"": {""vote"": null, ""hits"": [""猫""]}, ""LF_SMART"": {""vote"": null, ""hits"": []}, ""LF_SUPPLY"": {""vote"": ""B"", ""hits"": [""猫砂""]}, ""LF_HEALTH"": {""vote"": null, ""hits"": []}, ""LF_A_BRAND_HW"": {""vote"": null, ""hits"": []}, ""LF_A_PET_HW_SMART"": {""vote"": null, ""hits"": []}, ""LF_B_PET_HW_PLAIN"": {""vote"": ""B"", ""hits"": [""猫砂盆""]}, ""LF_C_PET_ONLY"": {""vote"": null, ""hits"": []}}",B,耗材日用,,0.5,0.5,猫砂盆测评，未提智能,0.5,B,,
随机(度量用),98,13猫家庭！养猫8年真金白银试出来的好物！,"喵星人,萌宠UP主加更计划,里兜猫砂,养宠清洁,养猫好物分享,养猫清洁,养宠好物,养猫好物,养宠好物分享,养猫",510,B,,"{""B"": 2.4, ""C"": 1.0}","{""LF_NOISE"": {""vote"": null, ""hits"": []}, ""LF_GAME"": {""vote"": null, ""hits"": []}, ""LF_BRAND"": {""vote"": null, ""hits"": []}, ""LF_HW"": {""vote"": null, ""hits"": []}, ""LF_PET"": {""vote"": null, ""hits"": [""猫"", ""喵"", ""养宠""]}, ""LF_SMART"": {""vote"": null, ""hits"": []}, ""LF_SUPPLY"": {""vote"": ""B"", ""hits"": [""猫砂""]}, ""LF_HEALTH"": {""vote"": null, ""hits"": []}, ""LF_A_BRAND_HW"": {""vote"": null, ""hits"": []}, ""LF_A_PET_HW_SMART"": {""vote"": null, ""hits"": []}, ""LF_B_PET_HW_PLAIN"": {""vote"": null, ""hits"": []}, ""LF_C_PET_ONLY"": {""vote"": ""C"", ""hits"": [""猫"", ""喵"", ""养宠""]}}",B,非硬件选购,,1,1,养猫好物，含猫砂等耗材,0.2941,C,B,
随机(度量用),99,小猫骨折了，咋被包成了老鼠干,"萌宠UP主加更计划,小奶猫,原创动画,萌宠,搞笑,喵星人",8666,B,,"{""C"": 1.0, ""B"": 1.5}","{""LF_NOISE"": {""vote"": null, ""hits"": []}, ""LF_GAME"": {""vote"": null, ""hits"": []}, ""LF_BRAND"": {""vote"": null, ""hits"": []}, ""LF_HW"": {""vote"": null, ""hits"": []}, ""LF_PET"": {""vote"": null, ""hits"": [""猫"", ""喵"", ""小猫""]}, ""LF_SMART"": {""vote"": null, ""hits"": []}, ""LF_SUPPLY"": {""vote"": null, ""hits"": []}, ""LF_HEALTH"": {""vote"": null, ""hits"": []}, ""LF_A_BRAND_HW"": {""vote"": null, ""hits"": []}, ""LF_A_PET_HW_SMART"": {""vote"": null, ""hits"": []}, ""LF_B_PET_HW_PLAIN"": {""vote"": null, ""hits"": []}, ""LF_C_PET_ONLY"": {""vote"": ""C"", ""hits"": [""猫"", ""喵"", ""小猫""]}}",B,健康医疗,,0.8,,小猫骨折包扎，健康相关,0.4,C,,健康
随机(度量用),100,猫会阴尿道口造口术视频演示，动物会阴尿道口造口术视频演示,"万物研究所·奖学金计划,医学,动物,分享我的专业知识",250469,B,,"{""C"": 1.0, ""B"": 1.5}","{""LF_NOISE"": {""vote"": null, ""hits"": []}, ""LF_GAME"": {""vote"": null, ""hits"": []}, ""LF_BRAND"": {""vote"": null, ""hits"": []}, ""LF_HW"": {""vote"": null, ""hits"": []}, ""LF_PET"": {""vote"": null, ""hits"": [""猫""]}, ""LF_SMART"": {""vote"": null, ""hits"": []}, ""LF_SUPPLY"": {""vote"": null, ""hits"": []}, ""LF_HEALTH"": {""vote"": null, ""hits"": []}, ""LF_A_BRAND_HW"": {""vote"": null, ""hits"": []}, ""LF_A_PET_HW_SMART"": {""vote"": null, ""hits"": []}, ""LF_B_PET_HW_PLAIN"": {""vote"": null, ""hits"": []}, ""LF_C_PET_ONLY"": {""vote"": ""C"", ""hits"": [""猫""]}}",B,健康医疗,,0.85,,猫尿道造口术医疗,0.4,C,,
随机(度量用),101,家里养宠物的，可以入手这个刷毛神器，猫毛狗毛头发都能轻松搞定,"喵星人,刷毛器,萌宠好物,新手养猫,居家好物,宠物",833,B,,"{""C"": 1.0, ""B"": 1.5}","{""LF_NOISE"": {""vote"": null, ""hits"": []}, ""LF_GAME"": {""vote"": null, ""hits"": []}, ""LF_BRAND"": {""vote"": null, ""hits"": []}, ""LF_HW"": {""vote"": null, ""hits"": []}, ""LF_PET"": {""vote"": null, ""hits"": [""猫"", ""狗"", ""宠物"", ""喵"", ""养宠""]}, ""LF_SMART"": {""vote"": null, ""hits"": []}, ""LF_SUPPLY"": {""vote"": null, ""hits"": []}, ""LF_HEALTH"": {""vote"": null, ""hits"": []}, ""LF_A_BRAND_HW"": {""vote"": null, ""hits"": []}, ""LF_A_PET_HW_SMART"": {""vote"": null, ""hits"": []}, ""LF_B_PET_HW_PLAIN"": {""vote"": null, ""hits"": []}, ""LF_C_PET_ONLY"": {""vote"": ""C"", ""hits"": [""猫"", ""狗"", ""宠物"", ""喵""]}}",B,耗材日用,,1,1,刷毛神器，宠物日用工具,0.4,B,,
随机(度量用),102,【猫咪好物推荐】00件平价养猫神器 第六期 2件平价洗衣去毛神器！,"萌宠零食,推荐,猫咪道具,猫咪,可爱,萌宠,科普",1167,B,,"{""B"": 2.4, ""C"": 1.0}","{""LF_NOISE"": {""vote"": null, ""hits"": []}, ""LF_GAME"": {""vote"": null, ""hits"": []}, ""LF_BRAND"": {""vote"": null, ""hits"": []}, ""LF_HW"": {""vote"": null, ""hits"": []}, ""LF_PET"": {""vote"": null, ""hits"": [""猫"", ""猫咪""]}, ""LF_SMART"": {""vote"": null, ""hits"": []}, ""LF_SUPPLY"": {""vote"": ""B"", ""hits"": [""零食""]}, ""LF_HEALTH"": {""vote"": null, ""hits"": []}, ""LF_A_BRAND_HW"": {""vote"": null, ""hits"": []}, ""LF_A_PET_HW_SMART"": {""vote"": null, ""hits"": []}, ""LF_B_PET_HW_PLAIN"": {""vote"": null, ""hits"": []}, ""LF_C_PET_ONLY"": {""vote"": ""C"", ""hits"": [""猫"", ""猫咪""]}}",B,非硬件选购,,1,1,平价养猫神器，非智能硬件,0.2941,B,,
随机(度量用),103,猫毛满天飞，芬儿掉毛季就靠它？,"小奶猫,魔方,猫猫,喵星人,化毛,冻干,猫毛,毛孩子,小猫",4530,B,,"{""B"": 2.4, ""C"": 1.0}","{""LF_NOISE"": {""vote"": null, ""hits"": []}, ""LF_GAME"": {""vote"": null, ""hits"": []}, ""LF_BRAND"": {""vote"": null, ""hits"": []}, ""LF_HW"": {""vote"": null, ""hits"": []}, ""LF_PET"": {""vote"": null, ""hits"": [""猫"", ""喵"", ""毛孩子"", ""小猫""]}, ""LF_SMART"": {""vote"": null, ""hits"": []}, ""LF_SUPPLY"": {""vote"": ""B"", ""hits"": [""冻干""]}, ""LF_HEALTH"": {""vote"": null, ""hits"": []}, ""LF_A_BRAND_HW"": {""vote"": null, ""hits"": []}, ""LF_A_PET_HW_SMART"": {""vote"": null, ""hits"": []}, ""LF_B_PET_HW_PLAIN"": {""vote"": null, ""hits"": []}, ""LF_C_PET_ONLY"": {""vote"": ""C"", ""hits"": [""猫"", ""喵"", ""毛孩子"", ""小猫""]}}",B,耗材日用,,1,1,掉毛季用品，含化毛冻干,0.2941,B,,
随机(度量用),104,宠物医生用图示详解:猫尿闭各治疗方法,"打卡挑战,尿闭,治疗,宠物医生,一起记录2022,我在B站做UP主",21208,C,,"{""C"": 1.9, ""B"": 1.5}","{""LF_NOISE"": {""vote"": null, ""hits"": []}, ""LF_GAME"": {""vote"": null, ""hits"": []}, ""LF_BRAND"": {""vote"": null, ""hits"": []}, ""LF_HW"": {""vote"": null, ""hits"": []}, ""LF_PET"": {""vote"": null, ""hits"": [""猫"", ""宠物""]}, ""LF_SMART"": {""vote"": null, ""hits"": []}, ""LF_SUPPLY"": {""vote"": null, ""hits"": []}, ""LF_HEALTH"": {""vote"": ""C"", ""hits"": [""尿闭"", ""治疗""]}, ""LF_A_BRAND_HW"": {""vote"": null, ""hits"": []}, ""LF_A_PET_HW_SMART"": {""vote"": null, ""hits"": []}, ""LF_B_PET_HW_PLAIN"": {""vote"": null, ""hits"": []}, ""LF_C_PET_ONLY"": {""vote"": ""C"", ""hits"": [""猫"", ""宠物""]}}",B,健康医疗,,0.9,,猫尿闭治疗方法,0.85,C,,
随机(度量用),105,狗狗软便别慌！12小时禁食法+1个神器，快速救肠,"养狗经验分享,养狗人,汪星人",128,B,,"{""C"": 1.0, ""B"": 1.5}","{""LF_NOISE"": {""vote"": null, ""hits"": []}, ""LF_GAME"": {""vote"": null, ""hits"": []}, ""LF_BRAND"": {""vote"": null, ""hits"": []}, ""LF_HW"": {""vote"": null, ""hits"": []}, ""LF_PET"": {""vote"": null, ""hits"": [""狗"", ""汪"", ""狗狗""]}, ""LF_SMART"": {""vote"": null, ""hits"": []}, ""LF_SUPPLY"": {""vote"": null, ""hits"": []}, ""LF_HEALTH"": {""vote"": null, ""hits"": []}, ""LF_A_BRAND_HW"": {""vote"": null, ""hits"": []}, ""LF_A_PET_HW_SMART"": {""vote"": null, ""hits"": []}, ""LF_B_PET_HW_PLAIN"": {""vote"": null, ""hits"": []}, ""LF_C_PET_ONLY"": {""vote"": ""C"", ""hits"": [""狗"", ""汪"", ""狗狗""]}}",B,健康医疗,,0.8,,狗狗软便健康护理,0.4,C,,
随机(度量用),106,90斤的狗烘干箱内中暑死亡，宠物医院怪狗太胖，法律上如何认定？,"法律,社会观察局,金毛,宠物医院,洗澡,社会",12920,B,,"{""C"": 0.9, ""B"": 2.6}","{""LF_NOISE"": {""vote"": null, ""hits"": []}, ""LF_GAME"": {""vote"": null, ""hits"": []}, ""LF_BRAND"": {""vote"": null, ""hits"": []}, ""LF_HW"": {""vote"": null, ""hits"": [""烘干箱""]}, ""LF_PET"": {""vote"": null, ""hits"": [""狗"", ""宠物"", ""金毛""]}, ""LF_SMART"": {""vote"": null, ""hits"": []}, ""LF_SUPPLY"": {""vote"": null, ""hits"": []}, ""LF_HEALTH"": {""vote"": ""C"", ""hits"": [""医院""]}, ""LF_A_BRAND_HW"": {""vote"": null, ""hits"": []}, ""LF_A_PET_HW_SMART"": {""vote"": null, ""hits"": []}, ""LF_B_PET_HW_PLAIN"": {""vote"": ""B"", ""hits"": [""烘干箱""]}, ""LF_C_PET_ONLY"": {""vote"": null, ""hits"": []}}",B,行业资讯,,1,1,烘干箱事故法律分析,0.2571,B,C,
随机(度量用),107,土霉素在养狗的妙用,"汪星人,新手养狗,狗狗的日常,宠物狗,养狗",158,B,,"{""C"": 1.0, ""B"": 1.5}","{""LF_NOISE"": {""vote"": null, ""hits"": []}, ""LF_GAME"": {""vote"": null, ""hits"": []}, ""LF_BRAND"": {""vote"": null, ""hits"": []}, ""LF_HW"": {""vote"": null, ""hits"": []}, ""LF_PET"": {""vote"": null, ""hits"": [""狗"", ""宠物"", ""汪"", ""狗狗""]}, ""LF_SMART"": {""vote"": null, ""hits"": []}, ""LF_SUPPLY"": {""vote"": null, ""hits"": []}, ""LF_HEALTH"": {""vote"": null, ""hits"": []}, ""LF_A_BRAND_HW"": {""vote"": null, ""hits"": []}, ""LF_A_PET_HW_SMART"": {""vote"": null, ""hits"": []}, ""LF_B_PET_HW_PLAIN"": {""vote"": null, ""hits"": []}, ""LF_C_PET_ONLY"": {""vote"": ""C"", ""hits"": [""狗"", ""宠物"", ""汪"", ""狗狗""]}}",B,健康医疗,,0.8,,土霉素养狗用药科普,0.4,C,,
随机(度量用),108,1818黄金眼完整版20250329：赠的烘干机自燃？宠物店监控拍到火光；物业收车子停车费，未经投票社区提到“违规”；八万五买“江豚E7”，一打听发现买贵了？,"宠物店,回迁,资讯直通车7.0,物业,祛痘,江豚,生活,月子中心,社会,1818黄金眼,资讯直通车",8339,B,,"{""B"": 2.6}","{""LF_NOISE"": {""vote"": null, ""hits"": []}, ""LF_GAME"": {""vote"": null, ""hits"": []}, ""LF_BRAND"": {""vote"": null, ""hits"": []}, ""LF_HW"": {""vote"": null, ""hits"": [""监控"", ""烘干机""]}, ""LF_PET"": {""vote"": null, ""hits"": [""宠物""]}, ""LF_SMART"": {""vote"": null, ""hits"": []}, ""LF_SUPPLY"": {""vote"": null, ""hits"": []}, ""LF_HEALTH"": {""vote"": null, ""hits"": []}, ""LF_A_BRAND_HW"": {""vote"": null, ""hits"": []}, ""LF_A_PET_HW_SMART"": {""vote"": null, ""hits"": []}, ""LF_B_PET_HW_PLAIN"": {""vote"": ""B"", ""hits"": [""监控"", ""烘干机""]}, ""LF_C_PET_ONLY"": {""vote"": null, ""hits"": []}}",B,行业资讯,,1,1,宠物店烘干机自燃新闻,0,B,C,
随机(度量用),109,《关于我花20r在pdd上炫了一堆养猫好物……》,"平价,养猫,安利,喵星人,PDD,好物",361797,B,,"{""C"": 1.0, ""B"": 1.5}","{""LF_NOISE"": {""vote"": null, ""hits"": []}, ""LF_GAME"": {""vote"": null, ""hits"": []}, ""LF_BRAND"": {""vote"": null, ""hits"": []}, ""LF_HW"": {""vote"": null, ""hits"": []}, ""LF_PET"": {""vote"": null, ""hits"": [""猫"", ""喵""]}, ""LF_SMART"": {""vote"": null, ""hits"": []}, ""LF_SUPPLY"": {""vote"": null, ""hits"": []}, ""LF_HEALTH"": {""vote"": null, ""hits"": []}, ""LF_A_BRAND_HW"": {""vote"": null, ""hits"": []}, ""LF_A_PET_HW_SMART"": {""vote"": null, ""hits"": []}, ""LF_B_PET_HW_PLAIN"": {""vote"": null, ""hits"": []}, ""LF_C_PET_ONLY"": {""vote"": ""C"", ""hits"": [""猫"", ""喵""]}}",B,耗材日用,,1,1,平价养猫好物，非智能硬件,0.4,B,,
随机(度量用),110,养猫神器 碘伏,"神器,猫癣,小奶猫,碘伏,养猫,喵星人,新手养猫",99495,C,,"{""C"": 1.9, ""B"": 1.5}","{""LF_NOISE"": {""vote"": null, ""hits"": []}, ""LF_GAME"": {""vote"": null, ""hits"": []}, ""LF_BRAND"": {""vote"": null, ""hits"": []}, ""LF_HW"": {""vote"": null, ""hits"": []}, ""LF_PET"": {""vote"": null, ""hits"": [""猫"", ""喵""]}, ""LF_SMART"": {""vote"": null, ""hits"": []}, ""LF_SUPPLY"": {""vote"": null, ""hits"": []}, ""LF_HEALTH"": {""vote"": ""C"", ""hits"": [""猫癣""]}, ""LF_A_BRAND_HW"": {""vote"": null, ""hits"": []}, ""LF_A_PET_HW_SMART"": {""vote"": null, ""hits"": []}, ""LF_B_PET_HW_PLAIN"": {""vote"": null, ""hits"": []}, ""LF_C_PET_ONLY"": {""vote"": ""C"", ""hits"": [""猫"", ""喵""]}}",B,健康医疗,,0.8,,碘伏治猫癣，非硬件,0.85,C,,
随机(度量用),111,霍曼饮水机滤芯开箱,"体验,必剪创作,B站种草好物月刊,宠物饮水机,猫,开箱,打卡挑战",361,B,,"{""A"": 1.6, ""B"": 2.6}","{""LF_NOISE"": {""vote"": null, ""hits"": []}, ""LF_GAME"": {""vote"": null, ""hits"": []}, ""LF_BRAND"": {""vote"": null, ""hits"": [""霍曼""]}, ""LF_HW"": {""vote"": null, ""hits"": [""饮水机""]}, ""LF_PET"": {""vote"": null, ""hits"": [""猫"", ""宠物""]}, ""LF_SMART"": {""vote"": null, ""hits"": []}, ""LF_SUPPLY"": {""vote"": null, ""hits"": []}, ""LF_HEALTH"": {""vote"": null, ""hits"": []}, ""LF_A_BRAND_HW"": {""vote"": ""A"", ""hits"": [""霍曼"", ""饮水机""]}, ""LF_A_PET_HW_SMART"": {""vote"": null, ""hits"": []}, ""LF_B_PET_HW_PLAIN"": {""vote"": ""B"", ""hits"": [""饮水机""]}, ""LF_C_PET_ONLY"": {""vote"": null, ""hits"": []}}",B,耗材日用,,0.85,,饮水机滤芯耗材开箱,0.381,B,,
随机(度量用),112,澳龙的这个嘘呗冬瓜鸡肉汤罐，一大罐170g，给猫猫骗水真的太合适了,"生活记录,猫咪,喵星人,汤罐,宠物吃播,湿粮,新手养猫,澳龙,养猫,泌尿",3452,C,,"{""C"": 1.9, ""B"": 1.5}","{""LF_NOISE"": {""vote"": null, ""hits"": []}, ""LF_GAME"": {""vote"": null, ""hits"": []}, ""LF_BRAND"": {""vote"": null, ""hits"": []}, ""LF_HW"": {""vote"": null, ""hits"": []}, ""LF_PET"": {""vote"": null, ""hits"": [""猫"", ""宠物"", ""喵"", ""猫咪""]}, ""LF_SMART"": {""vote"": null, ""hits"": []}, ""LF_SUPPLY"": {""vote"": null, ""hits"": []}, ""LF_HEALTH"": {""vote"": ""C"", ""hits"": [""泌尿""]}, ""LF_A_BRAND_HW"": {""vote"": null, ""hits"": []}, ""LF_A_PET_HW_SMART"": {""vote"": null, ""hits"": []}, ""LF_B_PET_HW_PLAIN"": {""vote"": null, ""hits"": []}, ""LF_C_PET_ONLY"": {""vote"": ""C"", ""hits"": [""猫"", ""宠物"", ""喵"", ""猫咪""]}}",B,耗材日用,,0.8,,汤罐湿粮骗水，耗材类,0.85,C,C,
随机(度量用),113,公猫尿闭  导尿疏通  尿管留置术  #兽医 #宠物医院 #宠物医生 #手术室日常 #猫尿闭,"猫尿闭,手术室,动物总动员-毛孩子开学季,兽医,尿路梗阻,宠物医生,手术室日常,下泌尿道综合征,动物总动员,宠物医院,微创手术",4390,C,,"{""C"": 1.9, ""B"": 1.5}","{""LF_NOISE"": {""vote"": null, ""hits"": []}, ""LF_GAME"": {""vote"": null, ""hits"": []}, ""LF_BRAND"": {""vote"": null, ""hits"": []}, ""LF_HW"": {""vote"": null, ""hits"": []}, ""LF_PET"": {""vote"": null, ""hits"": [""猫"", ""宠物"", ""毛孩子""]}, ""LF_SMART"": {""vote"": null, ""hits"": []}, ""LF_SUPPLY"": {""vote"": null, ""hits"": []}, ""LF_HEALTH"": {""vote"": ""C"", ""hits"": [""泌尿"", ""尿闭"", ""医院""]}, ""LF_A_BRAND_HW"": {""vote"": null, ""hits"": []}, ""LF_A_PET_HW_SMART"": {""vote"": null, ""hits"": []}, ""LF_B_PET_HW_PLAIN"": {""vote"": null, ""hits"": []}, ""LF_C_PET_ONLY"": {""vote"": ""C"", ""hits"": [""猫"", ""宠物"", ""毛孩子""]}}",B,健康医疗,,0.9,,公猫尿闭导尿手术,0.85,C,,
随机(度量用),114,3到5月是猫咪的掉毛季，不想家里猫毛满天飞的 ，真的要赶紧喂上这个维生素了,"种草,养宠知识,金标,养猫,维生素,红狗,宠物,猫咪,喵星人,科学",1096,B,,"{""C"": 1.0, ""B"": 1.5}","{""LF_NOISE"": {""vote"": null, ""hits"": []}, ""LF_GAME"": {""vote"": null, ""hits"": []}, ""LF_BRAND"": {""vote"": null, ""hits"": []}, ""LF_HW"": {""vote"": null, ""hits"": []}, ""LF_PET"": {""vote"": null, ""hits"": [""猫"", ""狗"", ""宠物"", ""喵"", ""养宠"", ""猫咪""]}, ""LF_SMART"": {""vote"": null, ""hits"": []}, ""LF_SUPPLY"": {""vote"": null, ""hits"": []}, ""LF_HEALTH"": {""vote"": null, ""hits"": []}, ""LF_A_BRAND_HW"": {""vote"": null, ""hits"": []}, ""LF_A_PET_HW_SMART"": {""vote"": null, ""hits"": []}, ""LF_B_PET_HW_PLAIN"": {""vote"": null, ""hits"": []}, ""LF_C_PET_ONLY"": {""vote"": ""C"", ""hits"": [""猫"", ""狗"", ""宠物"", ""喵""]}}",B,耗材日用,,0.8,,维生素种草，非硬件,0.4,B,,
随机(度量用),115,蚂蚁饲养保温箱制作流程和问题解答！无保温不养蚁！,"制作流程,收获蚁,制作,爬宠,蚂蚁",39863,B,,"{""C"": 1.0, ""B"": 1.5}","{""LF_NOISE"": {""vote"": null, ""hits"": []}, ""LF_GAME"": {""vote"": null, ""hits"": []}, ""LF_BRAND"": {""vote"": null, ""hits"": []}, ""LF_HW"": {""vote"": null, ""hits"": []}, ""LF_PET"": {""vote"": null, ""hits"": [""爬宠""]}, ""LF_SMART"": {""vote"": null, ""hits"": []}, ""LF_SUPPLY"": {""vote"": null, ""hits"": []}, ""LF_HEALTH"": {""vote"": null, ""hits"": []}, ""LF_A_BRAND_HW"": {""vote"": null, ""hits"": []}, ""LF_A_PET_HW_SMART"": {""vote"": null, ""hits"": []}, ""LF_B_PET_HW_PLAIN"": {""vote"": null, ""hits"": []}, ""LF_C_PET_ONLY"": {""vote"": ""C"", ""hits"": [""爬宠""]}}",B,硬件DIY,,0.75,0.75,蚂蚁保温箱制作，非智能硬件,0.4,B,,
随机(度量用),116,轻松在家治好猫尿闭,"毛孩子开学季,尿闭,导尿,田园猫,小奶猫,养猫,喵星人",8423,C,,"{""C"": 1.9, ""B"": 1.5}","{""LF_NOISE"": {""vote"": null, ""hits"": []}, ""LF_GAME"": {""vote"": null, ""hits"": []}, ""LF_BRAND"": {""vote"": null, ""hits"": []}, ""LF_HW"": {""vote"": null, ""hits"": []}, ""LF_PET"": {""vote"": null, ""hits"": [""猫"", ""喵"", ""毛孩子"", ""田园猫""]}, ""LF_SMART"": {""vote"": null, ""hits"": []}, ""LF_SUPPLY"": {""vote"": null, ""hits"": []}, ""LF_HEALTH"": {""vote"": ""C"", ""hits"": [""尿闭""]}, ""LF_A_BRAND_HW"": {""vote"": null, ""hits"": []}, ""LF_A_PET_HW_SMART"": {""vote"": null, ""hits"": []}, ""LF_B_PET_HW_PLAIN"": {""vote"": null, ""hits"": []}, ""LF_C_PET_ONLY"": {""vote"": ""C"", ""hits"": [""猫"", ""喵"", ""毛孩子"", ""田园猫""]}}",B,健康医疗,,0.9,,猫尿闭家庭治疗,0.85,C,,
随机(度量用),117,周转箱猫砂盆2.0版本,"周转箱,猫砂,喵星人",56361,B,,"{""B"": 3.5}","{""LF_NOISE"": {""vote"": null, ""hits"": []}, ""LF_GAME"": {""vote"": null, ""hits"": []}, ""LF_BRAND"": {""vote"": null, ""hits"": []}, ""LF_HW"": {""vote"": null, ""hits"": [""猫砂盆""]}, ""LF_PET"": {""vote"": null, ""hits"": [""猫"", ""喵""]}, ""LF_SMART"": {""vote"": null, ""hits"": []}, ""LF_SUPPLY"": {""vote"": ""B"", ""hits"": [""猫砂""]}, ""LF_HEALTH"": {""vote"": null, ""hits"": []}, ""LF_A_BRAND_HW"": {""vote"": null, ""hits"": []}, ""LF_A_PET_HW_SMART"": {""vote"": null, ""hits"": []}, ""LF_B_PET_HW_PLAIN"": {""vote"": ""B"", ""hits"": [""猫砂盆""]}, ""LF_C_PET_ONLY"": {""vote"": null, ""hits"": []}}",B,耗材日用,,0.8,,周转箱猫砂盆DIY,0.2,B,,
随机(度量用),118,开箱📦 13min巨长电子榨菜🛒小猫囤年货,"喵星人,萌宠,多猫家庭,猫咪开箱,电子榨菜,猫冻干,宠物开箱,猫罐头,开箱,猫咪",34956,B,,"{""B"": 2.4, ""C"": 1.0}","{""LF_NOISE"": {""vote"": null, ""hits"": []}, ""LF_GAME"": {""vote"": null, ""hits"": []}, ""LF_BRAND"": {""vote"": null, ""hits"": []}, ""LF_HW"": {""vote"": null, ""hits"": []}, ""LF_PET"": {""vote"": null, ""hits"": [""猫"", ""宠物"", ""喵"", ""小猫"", ""猫咪""]}, ""LF_SMART"": {""vote"": null, ""hits"": []}, ""LF_SUPPLY"": {""vote"": ""B"", ""hits"": [""罐头"", ""冻干""]}, ""LF_HEALTH"": {""vote"": null, ""hits"": []}, ""LF_A_BRAND_HW"": {""vote"": null, ""hits"": []}, ""LF_A_PET_HW_SMART"": {""vote"": null, ""hits"": []}, ""LF_B_PET_HW_PLAIN"": {""vote"": null, ""hits"": []}, ""LF_C_PET_ONLY"": {""vote"": ""C"", ""hits"": [""猫"", ""宠物"", ""喵"", ""小猫""]}}",B,耗材日用,,0.9,,猫粮开箱，非智能硬件,0.2941,B,,
随机(度量用),119,【闭眼可入】25款猫粮实测怎么选不踩坑？零食主食处方粮一次讲透，幼猫绝育猫胖猫泌尿猫全对号入座，配料表避坑七天换粮囤货分装全攻略，铲屎官抄作业版,"猫咪主粮,AI萌宠超能养成计划,处方粮,冻干猫粮,国产猫粮,猫粮怎么选,养猫避坑,平价猫粮,新手养猫,猫粮测评",405,B,,"{""B"": 2.4, ""C"": 1.9}","{""LF_NOISE"": {""vote"": null, ""hits"": []}, ""LF_GAME"": {""vote"": null, ""hits"": []}, ""LF_BRAND"": {""vote"": null, ""hits"": []}, ""LF_HW"": {""vote"": null, ""hits"": []}, ""LF_PET"": {""vote"": null, ""hits"": [""猫"", ""铲屎"", ""猫咪""]}, ""LF_SMART"": {""vote"": null, ""hits"": []}, ""LF_SUPPLY"": {""vote"": ""B"", ""hits"": [""猫粮"", ""冻干"", ""零食""]}, ""LF_HEALTH"": {""vote"": ""C"", ""hits"": [""绝育"", ""泌尿""]}, ""LF_A_BRAND_HW"": {""vote"": null, ""hits"": []}, ""LF_A_PET_HW_SMART"": {""vote"": null, ""hits"": []}, ""LF_B_PET_HW_PLAIN"": {""vote"": null, ""hits"": []}, ""LF_C_PET_ONLY"": {""vote"": ""C"", ""hits"": [""猫"", ""铲屎"", ""猫咪""]}}",B,耗材日用,,0.9,,猫粮测评属耗材非智能硬件,0.4418,B,,
随机(度量用),120,猫肾脏功能,"猫慢性肾病,喵星人,猫,2021萌宠出道计划,宠物,萌宠,动物圈,CKD",1078,B,,"{""C"": 1.0, ""B"": 1.5}","{""LF_NOISE"": {""vote"": null, ""hits"": []}, ""LF_GAME"": {""vote"": null, ""hits"": []}, ""LF_BRAND"": {""vote"": null, ""hits"": []}, ""LF_HW"": {""vote"": null, ""hits"": []}, ""LF_PET"": {""vote"": null, ""hits"": [""猫"", ""宠物"", ""喵""]}, ""LF_SMART"": {""vote"": null, ""hits"": []}, ""LF_SUPPLY"": {""vote"": null, ""hits"": []}, ""LF_HEALTH"": {""vote"": null, ""hits"": []}, ""LF_A_BRAND_HW"": {""vote"": null, ""hits"": []}, ""LF_A_PET_HW_SMART"": {""vote"": null, ""hits"": []}, ""LF_B_PET_HW_PLAIN"": {""vote"": null, ""hits"": []}, ""LF_C_PET_ONLY"": {""vote"": ""C"", ""hits"": [""猫"", ""宠物"", ""喵""]}}",B,健康医疗,,0.9,,猫肾脏功能科普,0.4,C,,
随机(度量用),121,新手养猫该选什么品种？10个常见品种优缺点概括！,"养猫,新手养猫,布偶,动物观察局·夏日新知手册,英短,猫咪品种",788631,C,,"{""C"": 2.5}","{""LF_NOISE"": {""vote"": null, ""hits"": []}, ""LF_GAME"": {""vote"": null, ""hits"": []}, ""LF_BRAND"": {""vote"": null, ""hits"": []}, ""LF_HW"": {""vote"": null, ""hits"": []}, ""LF_PET"": {""vote"": null, ""hits"": [""猫"", ""猫咪"", ""布偶"", ""英短""]}, ""LF_SMART"": {""vote"": null, ""hits"": []}, ""LF_SUPPLY"": {""vote"": null, ""hits"": []}, ""LF_HEALTH"": {""vote"": null, ""hits"": []}, ""LF_A_BRAND_HW"": {""vote"": null, ""hits"": []}, ""LF_A_PET_HW_SMART"": {""vote"": null, ""hits"": []}, ""LF_B_PET_HW_PLAIN"": {""vote"": null, ""hits"": []}, ""LF_C_PET_ONLY"": {""vote"": ""C"", ""hits"": [""猫"", ""猫咪"", ""布偶"", ""英短""]}}",C,养护科普,,0.9,,新手养猫品种选择科普,0.1,C,,
随机(度量用),122,猫不爱喝水？8个骗水小绝招，用了都说好！,"养猫,萌萌哒,动物观察局·美美过夏天,铲屎官,萌宠,猫咪,动物观察局,布偶猫,猫舍,喵星人,踩奶",363462,C,,"{""C"": 2.5}","{""LF_NOISE"": {""vote"": null, ""hits"": []}, ""LF_GAME"": {""vote"": null, ""hits"": []}, ""LF_BRAND"": {""vote"": null, ""hits"": []}, ""LF_HW"": {""vote"": null, ""hits"": []}, ""LF_PET"": {""vote"": null, ""hits"": [""猫"", ""喵"", ""铲屎"", ""猫咪"", ""布偶""]}, ""LF_SMART"": {""vote"": null, ""hits"": []}, ""LF_SUPPLY"": {""vote"": null, ""hits"": []}, ""LF_HEALTH"": {""vote"": null, ""hits"": []}, ""LF_A_BRAND_HW"": {""vote"": null, ""hits"": []}, ""LF_A_PET_HW_SMART"": {""vote"": null, ""hits"": []}, ""LF_B_PET_HW_PLAIN"": {""vote"": null, ""hits"": []}, ""LF_C_PET_ONLY"": {""vote"": ""C"", ""hits"": [""猫"", ""喵"", ""铲屎"", ""猫咪""]}}",C,养护科普,,0.8,,骗猫喝水技巧,0.2,C,,
随机(度量用),123,夏季生活切片｜排骨荞麦面｜家庭版生椰拿铁｜尝试卷发｜自动喂食器开箱｜茄子vlog116,"生活记录,两人食,美食,VLOG,做饭,咖啡",56324,C,,"{""N"": 0.45, ""C"": 1.5}","{""LF_NOISE"": {""vote"": ""N"", ""hits"": [""咖啡""]}, ""LF_GAME"": {""vote"": null, ""hits"": []}, ""LF_BRAND"": {""vote"": null, ""hits"": []}, ""LF_HW"": {""vote"": null, ""hits"": [""喂食器""]}, ""LF_PET"": {""vote"": null, ""hits"": []}, ""LF_SMART"": {""vote"": null, ""hits"": [""自动""]}, ""LF_SUPPLY"": {""vote"": null, ""hits"": []}, ""LF_HEALTH"": {""vote"": null, ""hits"": []}, ""LF_A_BRAND_HW"": {""vote"": null, ""hits"": []}, ""LF_A_PET_HW_SMART"": {""vote"": null, ""hits"": []}, ""LF_B_PET_HW_PLAIN"": {""vote"": null, ""hits"": []}, ""LF_C_PET_ONLY"": {""vote"": null, ""hits"": []}}",C,日常vlog,,0.8,,生活vlog，喂食器开箱片段,0.2308,C,,
随机(度量用),124,宝贝这个懒，今天降温了不肯下床喝水，二旬老妈只好亲自喂给它喝,"田园猫,喵星人,包被,毛茸茸的秋日,橘猫,猫咪喝水",370050,C,,"{""C"": 2.5}","{""LF_NOISE"": {""vote"": null, ""hits"": []}, ""LF_GAME"": {""vote"": null, ""hits"": []}, ""LF_BRAND"": {""vote"": null, ""hits"": []}, ""LF_HW"": {""vote"": null, ""hits"": []}, ""LF_PET"": {""vote"": null, ""hits"": [""猫"", ""喵"", ""猫咪"", ""橘猫"", ""田园猫""]}, ""LF_SMART"": {""vote"": null, ""hits"": []}, ""LF_SUPPLY"": {""vote"": null, ""hits"": []}, ""LF_HEALTH"": {""vote"": null, ""hits"": []}, ""LF_A_BRAND_HW"": {""vote"": null, ""hits"": []}, ""LF_A_PET_HW_SMART"": {""vote"": null, ""hits"": []}, ""LF_B_PET_HW_PLAIN"": {""vote"": null, ""hits"": []}, ""LF_C_PET_ONLY"": {""vote"": ""C"", ""hits"": [""猫"", ""喵"", ""猫咪"", ""橘猫""]}}",C,日常vlog,,0.9,,猫咪喝水日常vlog,0.1,C,,
随机(度量用),125,法斗对主人精神控制，护食护窝疯狂咬人，没想训犬师直接把它家给拆了,"汪星人,训犬,狗和狼的时间,宠物训练,法斗,溺爱,精神控制,斗牛犬,毛茸茸训练营,姜亨旭",500493,C,,"{""C"": 2.5}","{""LF_NOISE"": {""vote"": null, ""hits"": []}, ""LF_GAME"": {""vote"": null, ""hits"": []}, ""LF_BRAND"": {""vote"": null, ""hits"": []}, ""LF_HW"": {""vote"": null, ""hits"": []}, ""LF_PET"": {""vote"": null, ""hits"": [""狗"", ""宠物"", ""汪"", ""犬""]}, ""LF_SMART"": {""vote"": null, ""hits"": []}, ""LF_SUPPLY"": {""vote"": null, ""hits"": []}, ""LF_HEALTH"": {""vote"": null, ""hits"": []}, ""LF_A_BRAND_HW"": {""vote"": null, ""hits"": []}, ""LF_A_PET_HW_SMART"": {""vote"": null, ""hits"": []}, ""LF_B_PET_HW_PLAIN"": {""vote"": null, ""hits"": []}, ""LF_C_PET_ONLY"": {""vote"": ""C"", ""hits"": [""狗"", ""宠物"", ""汪"", ""犬""]}}",C,养护科普,,0.85,,训犬行为科普,0.15,C,,
随机(度量用),126,如果猫不爱喝水，可以试着把水碗换成能放下,小视频,32977,C,,"{""C"": 2.5}","{""LF_NOISE"": {""vote"": null, ""hits"": []}, ""LF_GAME"": {""vote"": null, ""hits"": []}, ""LF_BRAND"": {""vote"": null, ""hits"": []}, ""LF_HW"": {""vote"": null, ""hits"": []}, ""LF_PET"": {""vote"": null, ""hits"": [""猫""]}, ""LF_SMART"": {""vote"": null, ""hits"": []}, ""LF_SUPPLY"": {""vote"": null, ""hits"": []}, ""LF_HEALTH"": {""vote"": null, ""hits"": []}, ""LF_A_BRAND_HW"": {""vote"": null, ""hits"": []}, ""LF_A_PET_HW_SMART"": {""vote"": null, ""hits"": []}, ""LF_B_PET_HW_PLAIN"": {""vote"": null, ""hits"": []}, ""LF_C_PET_ONLY"": {""vote"": ""C"", ""hits"": [""猫""]}}",C,养护科普,,1,1,猫喝水科普，未提硬件,0,C,,
随机(度量用),127,如何让猫咪多喝水？很多人都搞错了！,"萌宠UP主加更计划,骗猫喝水,猫咪喝水,喵星人",21673,C,,"{""C"": 2.5}","{""LF_NOISE"": {""vote"": null, ""hits"": []}, ""LF_GAME"": {""vote"": null, ""hits"": []}, ""LF_BRAND"": {""vote"": null, ""hits"": []}, ""LF_HW"": {""vote"": null, ""hits"": []}, ""LF_PET"": {""vote"": null, ""hits"": [""猫"", ""喵"", ""猫咪""]}, ""LF_SMART"": {""vote"": null, ""hits"": []}, ""LF_SUPPLY"": {""vote"": null, ""hits"": []}, ""LF_HEALTH"": {""vote"": null, ""hits"": []}, ""LF_A_BRAND_HW"": {""vote"": null, ""hits"": []}, ""LF_A_PET_HW_SMART"": {""vote"": null, ""hits"": []}, ""LF_B_PET_HW_PLAIN"": {""vote"": null, ""hits"": []}, ""LF_C_PET_ONLY"": {""vote"": ""C"", ""hits"": [""猫"", ""喵"", ""猫咪""]}}",C,养护科普,,1,1,让猫多喝水科普，无硬件,0,C,,
随机(度量用),128,狗子拆家怎么办？有经历过的谁能支个招,"生活记录,金毛,汪星人,搞笑动物,宠物",326,C,,"{""C"": 2.5}","{""LF_NOISE"": {""vote"": null, ""hits"": []}, ""LF_GAME"": {""vote"": null, ""hits"": []}, ""LF_BRAND"": {""vote"": null, ""hits"": []}, ""LF_HW"": {""vote"": null, ""hits"": []}, ""LF_PET"": {""vote"": null, ""hits"": [""狗"", ""宠物"", ""汪"", ""金毛""]}, ""LF_SMART"": {""vote"": null, ""hits"": []}, ""LF_SUPPLY"": {""vote"": null, ""hits"": []}, ""LF_HEALTH"": {""vote"": null, ""hits"": []}, ""LF_A_BRAND_HW"": {""vote"": null, ""hits"": []}, ""LF_A_PET_HW_SMART"": {""vote"": null, ""hits"": []}, ""LF_B_PET_HW_PLAIN"": {""vote"": null, ""hits"": []}, ""LF_C_PET_ONLY"": {""vote"": ""C"", ""hits"": [""狗"", ""宠物"", ""汪"", ""金毛""]}}",C,养护科普,,0.8,,狗拆家求助养护,0.2,C,,
随机(度量用),129,【猪鼻】今天是一条蛄蛹蛄蛹的小家伙,"黑王蛇,猪鼻蛇,异宠,宠物蛇,动物总动员,沉浸式,玉米蛇,爬宠,打包",1086,C,,"{""C"": 2.5}","{""LF_NOISE"": {""vote"": null, ""hits"": []}, ""LF_GAME"": {""vote"": null, ""hits"": []}, ""LF_BRAND"": {""vote"": null, ""hits"": []}, ""LF_HW"": {""vote"": null, ""hits"": []}, ""LF_PET"": {""vote"": null, ""hits"": [""宠物"", ""爬宠""]}, ""LF_SMART"": {""vote"": null, ""hits"": []}, ""LF_SUPPLY"": {""vote"": null, ""hits"": []}, ""LF_HEALTH"": {""vote"": null, ""hits"": []}, ""LF_A_BRAND_HW"": {""vote"": null, ""hits"": []}, ""LF_A_PET_HW_SMART"": {""vote"": null, ""hits"": []}, ""LF_B_PET_HW_PLAIN"": {""vote"": null, ""hits"": []}, ""LF_C_PET_ONLY"": {""vote"": ""C"", ""hits"": [""宠物"", ""爬宠""]}}",C,日常vlog,,0.8,,宠物蛇日常展示,0.2,C,,
随机(度量用),130,如何让猫知道！人骨折了需要特别照顾！,"石头g30sultra,石头G30SUltra,萌宠UP主加更计划,石头扫地机器,腓骨骨折,跳跳,泰哥,小起,搞笑,喵星人",645564,C,,"{""C"": 2.5}","{""LF_NOISE"": {""vote"": null, ""hits"": []}, ""LF_GAME"": {""vote"": null, ""hits"": []}, ""LF_BRAND"": {""vote"": null, ""hits"": []}, ""LF_HW"": {""vote"": null, ""hits"": []}, ""LF_PET"": {""vote"": null, ""hits"": [""猫"", ""喵""]}, ""LF_SMART"": {""vote"": null, ""hits"": []}, ""LF_SUPPLY"": {""vote"": null, ""hits"": []}, ""LF_HEALTH"": {""vote"": null, ""hits"": []}, ""LF_A_BRAND_HW"": {""vote"": null, ""hits"": []}, ""LF_A_PET_HW_SMART"": {""vote"": null, ""hits"": []}, ""LF_B_PET_HW_PLAIN"": {""vote"": null, ""hits"": []}, ""LF_C_PET_ONLY"": {""vote"": ""C"", ""hits"": [""猫"", ""喵""]}}",C,日常vlog,,1,1,猫咪日常，扫地机标签,0,C,,
随机(度量用),131,又在拆家,"赤阳,生活记录,狐狸,宠物,可爱",281,C,,"{""C"": 2.5}","{""LF_NOISE"": {""vote"": null, ""hits"": []}, ""LF_GAME"": {""vote"": null, ""hits"": []}, ""LF_BRAND"": {""vote"": null, ""hits"": []}, ""LF_HW"": {""vote"": null, ""hits"": []}, ""LF_PET"": {""vote"": null, ""hits"": [""宠物""]}, ""LF_SMART"": {""vote"": null, ""hits"": []}, ""LF_SUPPLY"": {""vote"": null, ""hits"": []}, ""LF_HEALTH"": {""vote"": null, ""hits"": []}, ""LF_A_BRAND_HW"": {""vote"": null, ""hits"": []}, ""LF_A_PET_HW_SMART"": {""vote"": null, ""hits"": []}, ""LF_B_PET_HW_PLAIN"": {""vote"": null, ""hits"": []}, ""LF_C_PET_ONLY"": {""vote"": ""C"", ""hits"": [""宠物""]}}",C,日常vlog,,0.8,,狐狸拆家生活记录,0.2,C,,
随机(度量用),132,【数码宝贝】哈士奇 拆家兽  进化 前后 对比！,"喵星人,哈士奇,铲屎官,二哈,宠物,汪星人",510560,C,,"{""C"": 2.5}","{""LF_NOISE"": {""vote"": null, ""hits"": []}, ""LF_GAME"": {""vote"": null, ""hits"": []}, ""LF_BRAND"": {""vote"": null, ""hits"": []}, ""LF_HW"": {""vote"": null, ""hits"": []}, ""LF_PET"": {""vote"": null, ""hits"": [""宠物"", ""喵"", ""汪"", ""铲屎"", ""哈士奇""]}, ""LF_SMART"": {""vote"": null, ""hits"": []}, ""LF_SUPPLY"": {""vote"": null, ""hits"": []}, ""LF_HEALTH"": {""vote"": null, ""hits"": []}, ""LF_A_BRAND_HW"": {""vote"": null, ""hits"": []}, ""LF_A_PET_HW_SMART"": {""vote"": null, ""hits"": []}, ""LF_B_PET_HW_PLAIN"": {""vote"": null, ""hits"": []}, ""LF_C_PET_ONLY"": {""vote"": ""C"", ""hits"": [""宠物"", ""喵"", ""汪"", ""铲屎""]}}",C,日常vlog,,0.85,,哈士奇搞笑视频,0.15,C,,
随机(度量用),133,人，周一本盾好忙呀,"AI动物集结令,AI萌宠,萌宠,可爱,萌宠出道,挑战,宠物",1574338,C,,"{""C"": 2.5}","{""LF_NOISE"": {""vote"": null, ""hits"": []}, ""LF_GAME"": {""vote"": null, ""hits"": []}, ""LF_BRAND"": {""vote"": null, ""hits"": []}, ""LF_HW"": {""vote"": null, ""hits"": []}, ""LF_PET"": {""vote"": null, ""hits"": [""宠物""]}, ""LF_SMART"": {""vote"": null, ""hits"": []}, ""LF_SUPPLY"": {""vote"": null, ""hits"": []}, ""LF_HEALTH"": {""vote"": null, ""hits"": []}, ""LF_A_BRAND_HW"": {""vote"": null, ""hits"": []}, ""LF_A_PET_HW_SMART"": {""vote"": null, ""hits"": []}, ""LF_B_PET_HW_PLAIN"": {""vote"": null, ""hits"": []}, ""LF_C_PET_ONLY"": {""vote"": ""C"", ""hits"": [""宠物""]}}",C,日常vlog,,0.8,,AI萌宠，非硬件,0.2,C,,
随机(度量用),134,哈哈哈，马上冬天了，该买新的猫窝了，俩猫抢起来了～,"萌宠UP主加更计划,必剪创作,狸花猫,田园猫,喵星人",1467,C,,"{""B"": 1.1, ""C"": 1.5}","{""LF_NOISE"": {""vote"": null, ""hits"": []}, ""LF_GAME"": {""vote"": null, ""hits"": []}, ""LF_BRAND"": {""vote"": null, ""hits"": []}, ""LF_HW"": {""vote"": null, ""hits"": [""猫窝""]}, ""LF_PET"": {""vote"": null, ""hits"": [""猫"", ""喵"", ""田园猫""]}, ""LF_SMART"": {""vote"": null, ""hits"": []}, ""LF_SUPPLY"": {""vote"": null, ""hits"": []}, ""LF_HEALTH"": {""vote"": null, ""hits"": []}, ""LF_A_BRAND_HW"": {""vote"": null, ""hits"": []}, ""LF_A_PET_HW_SMART"": {""vote"": null, ""hits"": []}, ""LF_B_PET_HW_PLAIN"": {""vote"": ""B"", ""hits"": [""猫窝""]}, ""LF_C_PET_ONLY"": {""vote"": null, ""hits"": []}}",C,日常vlog,,0.85,,猫抢猫窝日常，非硬件,0.4231,C,,
随机(度量用),135,养狗一定不要凑合、陪伴十几年的缘分，一定要选自己最心仪的那一只,"边牧,养狗,汪星人",149,C,,"{""C"": 2.5}","{""LF_NOISE"": {""vote"": null, ""hits"": []}, ""LF_GAME"": {""vote"": null, ""hits"": []}, ""LF_BRAND"": {""vote"": null, ""hits"": []}, ""LF_HW"": {""vote"": null, ""hits"": []}, ""LF_PET"": {""vote"": null, ""hits"": [""狗"", ""汪"", ""边牧""]}, ""LF_SMART"": {""vote"": null, ""hits"": []}, ""LF_SUPPLY"": {""vote"": null, ""hits"": []}, ""LF_HEALTH"": {""vote"": null, ""hits"": []}, ""LF_A_BRAND_HW"": {""vote"": null, ""hits"": []}, ""LF_A_PET_HW_SMART"": {""vote"": null, ""hits"": []}, ""LF_B_PET_HW_PLAIN"": {""vote"": null, ""hits"": []}, ""LF_C_PET_ONLY"": {""vote"": ""C"", ""hits"": [""狗"", ""汪"", ""边牧""]}}",C,养护科普,,0.85,,选狗养狗建议,0.15,C,,
随机(度量用),136,全自动扫地机vs全自动“闯祸机”，刚买回来就变成了九成新，网友：家里最没用的在打家里最有用的 猫,"猫咪打架,搞笑,铲屎官,喵星人,猫咪也拆家,必剪创作,全自动洗碗机,网友,全自动扫地机,猫咪拆家,九成新",2374,C,,"{""N"": 0.45, ""C"": 2.5}","{""LF_NOISE"": {""vote"": ""N"", ""hits"": [""洗碗机""]}, ""LF_GAME"": {""vote"": null, ""hits"": []}, ""LF_BRAND"": {""vote"": null, ""hits"": []}, ""LF_HW"": {""vote"": null, ""hits"": []}, ""LF_PET"": {""vote"": null, ""hits"": [""猫"", ""喵"", ""铲屎"", ""猫咪""]}, ""LF_SMART"": {""vote"": null, ""hits"": [""自动"", ""全自动""]}, ""LF_SUPPLY"": {""vote"": null, ""hits"": []}, ""LF_HEALTH"": {""vote"": null, ""hits"": []}, ""LF_A_BRAND_HW"": {""vote"": null, ""hits"": []}, ""LF_A_PET_HW_SMART"": {""vote"": null, ""hits"": []}, ""LF_B_PET_HW_PLAIN"": {""vote"": null, ""hits"": []}, ""LF_C_PET_ONLY"": {""vote"": ""C"", ""hits"": [""猫"", ""喵"", ""铲屎"", ""猫咪""]}}",C,日常vlog,,0.9,,猫咪拆家搞笑，非宠物硬件,0.1525,C,,
随机(度量用),137,你家的猫咪总会在猫砂盆里吗？,"动物总动员-春日萌宠随手拍,养猫,科学养宠攻略,动物观察局,养猫进阶指南",7008,B,,"{""B"": 2.0, ""C"": 1.5}","{""LF_NOISE"": {""vote"": null, ""hits"": []}, ""LF_GAME"": {""vote"": null, ""hits"": []}, ""LF_BRAND"": {""vote"": null, ""hits"": []}, ""LF_HW"": {""vote"": null, ""hits"": [""猫砂盆""]}, ""LF_PET"": {""vote"": null, ""hits"": [""猫"", ""养宠"", ""猫咪""]}, ""LF_SMART"": {""vote"": null, ""hits"": []}, ""LF_SUPPLY"": {""vote"": ""B"", ""hits"": [""猫砂""]}, ""LF_HEALTH"": {""vote"": null, ""hits"": []}, ""LF_A_BRAND_HW"": {""vote"": null, ""hits"": []}, ""LF_A_PET_HW_SMART"": {""vote"": null, ""hits"": []}, ""LF_B_PET_HW_PLAIN"": {""vote"": ""B"", ""hits"": [""猫砂盆""]}, ""LF_C_PET_ONLY"": {""vote"": null, ""hits"": []}}",C,养护科普,,0.8,,猫砂盆使用行为科普,0.85,C,,
随机(度量用),138,如果接了2个月大的奶猫，以下问题就要小心,"铲屎官,动物观察局·夏日新知手册,萌萌哒,自制,原创,学习,养宠生活图鉴",228849,C,,"{""C"": 2.5}","{""LF_NOISE"": {""vote"": null, ""hits"": []}, ""LF_GAME"": {""vote"": null, ""hits"": []}, ""LF_BRAND"": {""vote"": null, ""hits"": []}, ""LF_HW"": {""vote"": null, ""hits"": []}, ""LF_PET"": {""vote"": null, ""hits"": [""猫"", ""铲屎"", ""养宠""]}, ""LF_SMART"": {""vote"": null, ""hits"": []}, ""LF_SUPPLY"": {""vote"": null, ""hits"": []}, ""LF_HEALTH"": {""vote"": null, ""hits"": []}, ""LF_A_BRAND_HW"": {""vote"": null, ""hits"": []}, ""LF_A_PET_HW_SMART"": {""vote"": null, ""hits"": []}, ""LF_B_PET_HW_PLAIN"": {""vote"": null, ""hits"": []}, ""LF_C_PET_ONLY"": {""vote"": ""C"", ""hits"": [""猫"", ""铲屎"", ""养宠""]}}",C,养护科普,,0.85,,奶猫养护注意事项科普,0.15,C,,
随机(度量用),139,Vlog丨00后的上班日常丨自制燕麦杯丨快乐上班族丨好久没吃的水饺丨火龙果酸奶碗丨碱水面包开箱丨第一次养猫丨凉面初体验丨看电影,"面包脑袋,vlog,必剪创作,开箱,上班族,日常,夏日游园会,记录,随手记录我的生活碎片,00后,生活",2897,C,,"{""C"": 2.5}","{""LF_NOISE"": {""vote"": null, ""hits"": []}, ""LF_GAME"": {""vote"": null, ""hits"": []}, ""LF_BRAND"": {""vote"": null, ""hits"": []}, ""LF_HW"": {""vote"": null, ""hits"": []}, ""LF_PET"": {""vote"": null, ""hits"": [""猫""]}, ""LF_SMART"": {""vote"": null, ""hits"": []}, ""LF_SUPPLY"": {""vote"": null, ""hits"": []}, ""LF_HEALTH"": {""vote"": null, ""hits"": []}, ""LF_A_BRAND_HW"": {""vote"": null, ""hits"": []}, ""LF_A_PET_HW_SMART"": {""vote"": null, ""hits"": []}, ""LF_B_PET_HW_PLAIN"": {""vote"": null, ""hits"": []}, ""LF_C_PET_ONLY"": {""vote"": ""C"", ""hits"": [""猫""]}}",C,日常vlog,,0.8,,上班日常提及养猫,0.2,C,,
随机(度量用),140,猫咪骗水大法！告别喝水困难喵！,"猫咪骗水,铲屎官,新手养猫,养猫,注意事项,喝水,猫咪,科普,喵星人",22489,C,,"{""C"": 2.5}","{""LF_NOISE"": {""vote"": null, ""hits"": []}, ""LF_GAME"": {""vote"": null, ""hits"": []}, ""LF_BRAND"": {""vote"": null, ""hits"": []}, ""LF_HW"": {""vote"": null, ""hits"": []}, ""LF_PET"": {""vote"": null, ""hits"": [""猫"", ""喵"", ""铲屎"", ""猫咪""]}, ""LF_SMART"": {""vote"": null, ""hits"": []}, ""LF_SUPPLY"": {""vote"": null, ""hits"": []}, ""LF_HEALTH"": {""vote"": null, ""hits"": []}, ""LF_A_BRAND_HW"": {""vote"": null, ""hits"": []}, ""LF_A_PET_HW_SMART"": {""vote"": null, ""hits"": []}, ""LF_B_PET_HW_PLAIN"": {""vote"": null, ""hits"": []}, ""LF_C_PET_ONLY"": {""vote"": ""C"", ""hits"": [""猫"", ""喵"", ""铲屎"", ""猫咪""]}}",C,养护科普,,0.8,,猫咪骗水科普,0.2,C,,
随机(度量用),141,人类离家两天 哈基米独自在家会干什么？,"猫咪,猫,喵星人,嗦嗦,萌宠UP主加更计划,哈基米,小猫,宠物",2611619,C,,"{""C"": 2.5}","{""LF_NOISE"": {""vote"": null, ""hits"": []}, ""LF_GAME"": {""vote"": null, ""hits"": []}, ""LF_BRAND"": {""vote"": null, ""hits"": []}, ""LF_HW"": {""vote"": null, ""hits"": []}, ""LF_PET"": {""vote"": null, ""hits"": [""猫"", ""宠物"", ""喵"", ""小猫"", ""猫咪""]}, ""LF_SMART"": {""vote"": null, ""hits"": []}, ""LF_SUPPLY"": {""vote"": null, ""hits"": []}, ""LF_HEALTH"": {""vote"": null, ""hits"": []}, ""LF_A_BRAND_HW"": {""vote"": null, ""hits"": []}, ""LF_A_PET_HW_SMART"": {""vote"": null, ""hits"": []}, ""LF_B_PET_HW_PLAIN"": {""vote"": null, ""hits"": []}, ""LF_C_PET_ONLY"": {""vote"": ""C"", ""hits"": [""猫"", ""宠物"", ""喵"", ""小猫""]}}",C,日常vlog,,0.9,,猫咪独自在家记录,0.1,C,,
随机(度量用),142,狗子大型拆家现场，真是一个比一个狠！,"动物观察局18.0 小动物聊天室,狗子,动物观察局,搞笑,狗子拆家",4650,C,,"{""C"": 2.5}","{""LF_NOISE"": {""vote"": null, ""hits"": []}, ""LF_GAME"": {""vote"": null, ""hits"": []}, ""LF_BRAND"": {""vote"": null, ""hits"": []}, ""LF_HW"": {""vote"": null, ""hits"": []}, ""LF_PET"": {""vote"": null, ""hits"": [""狗""]}, ""LF_SMART"": {""vote"": null, ""hits"": []}, ""LF_SUPPLY"": {""vote"": null, ""hits"": []}, ""LF_HEALTH"": {""vote"": null, ""hits"": []}, ""LF_A_BRAND_HW"": {""vote"": null, ""hits"": []}, ""LF_A_PET_HW_SMART"": {""vote"": null, ""hits"": []}, ""LF_B_PET_HW_PLAIN"": {""vote"": null, ""hits"": []}, ""LF_C_PET_ONLY"": {""vote"": ""C"", ""hits"": [""狗""]}}",C,日常vlog,,0.9,,狗子拆家搞笑现场,0.1,C,,
随机(度量用),143,高能预警！真猫片！,"萌,高能,日常,喵星人,萌宠,猫,猫片,搞笑,铲屎官,动物圈,可爱",224111,C,,"{""C"": 2.5}","{""LF_NOISE"": {""vote"": null, ""hits"": []}, ""LF_GAME"": {""vote"": null, ""hits"": []}, ""LF_BRAND"": {""vote"": null, ""hits"": []}, ""LF_HW"": {""vote"": null, ""hits"": []}, ""LF_PET"": {""vote"": null, ""hits"": [""猫"", ""喵"", ""铲屎""]}, ""LF_SMART"": {""vote"": null, ""hits"": []}, ""LF_SUPPLY"": {""vote"": null, ""hits"": []}, ""LF_HEALTH"": {""vote"": null, ""hits"": []}, ""LF_A_BRAND_HW"": {""vote"": null, ""hits"": []}, ""LF_A_PET_HW_SMART"": {""vote"": null, ""hits"": []}, ""LF_B_PET_HW_PLAIN"": {""vote"": null, ""hits"": []}, ""LF_C_PET_ONLY"": {""vote"": ""C"", ""hits"": [""猫"", ""喵"", ""铲屎""]}}",C,日常vlog,,0.8,,猫咪日常萌宠视频,0.2,C,,
随机(度量用),144,小狗选盲盒 欧气吸一波！,"小短腿,汪星人,狗狗,柯基,这狗我算是养明白了,盲盒,小狗,动物观察局22.0·宠物夏日清凉季",2043371,C,,"{""C"": 2.5}","{""LF_NOISE"": {""vote"": null, ""hits"": []}, ""LF_GAME"": {""vote"": null, ""hits"": []}, ""LF_BRAND"": {""vote"": null, ""hits"": []}, ""LF_HW"": {""vote"": null, ""hits"": []}, ""LF_PET"": {""vote"": null, ""hits"": [""狗"", ""宠物"", ""汪"", ""小狗"", ""狗狗"", ""柯基""]}, ""LF_SMART"": {""vote"": null, ""hits"": []}, ""LF_SUPPLY"": {""vote"": null, ""hits"": []}, ""LF_HEALTH"": {""vote"": null, ""hits"": []}, ""LF_A_BRAND_HW"": {""vote"": null, ""hits"": []}, ""LF_A_PET_HW_SMART"": {""vote"": null, ""hits"": []}, ""LF_B_PET_HW_PLAIN"": {""vote"": null, ""hits"": []}, ""LF_C_PET_ONLY"": {""vote"": ""C"", ""hits"": [""狗"", ""宠物"", ""汪"", ""小狗""]}}",C,日常vlog,,0.85,,小狗盲盒趣味内容,0.15,C,,
随机(度量用),145,哈士奇爬山救回一只小猫，结果当成自己宝宝养，最后还当上了猫奶奶,"汪星人,宠物,感人,拆家,萌宠,哈士奇,狗狗,动物圈达人创作营,狗",185538,C,,"{""N"": 0.45, ""C"": 2.5}","{""LF_NOISE"": {""vote"": ""N"", ""hits"": [""宝宝""]}, ""LF_GAME"": {""vote"": null, ""hits"": []}, ""LF_BRAND"": {""vote"": null, ""hits"": []}, ""LF_HW"": {""vote"": null, ""hits"": []}, ""LF_PET"": {""vote"": null, ""hits"": [""猫"", ""狗"", ""宠物"", ""汪"", ""小猫"", ""狗狗""]}, ""LF_SMART"": {""vote"": null, ""hits"": []}, ""LF_SUPPLY"": {""vote"": null, ""hits"": []}, ""LF_HEALTH"": {""vote"": null, ""hits"": []}, ""LF_A_BRAND_HW"": {""vote"": null, ""hits"": []}, ""LF_A_PET_HW_SMART"": {""vote"": null, ""hits"": []}, ""LF_B_PET_HW_PLAIN"": {""vote"": null, ""hits"": []}, ""LF_C_PET_ONLY"": {""vote"": ""C"", ""hits"": [""猫"", ""狗"", ""宠物"", ""汪""]}}",C,日常vlog,,0.85,,哈士奇救猫故事,0.1525,C,,
随机(度量用),146,原来猫的小揪揪也能手动启动啊,"喵星人,大色猫,发情猫",621285,C,,"{""C"": 2.5}","{""LF_NOISE"": {""vote"": null, ""hits"": []}, ""LF_GAME"": {""vote"": null, ""hits"": []}, ""LF_BRAND"": {""vote"": null, ""hits"": []}, ""LF_HW"": {""vote"": null, ""hits"": []}, ""LF_PET"": {""vote"": null, ""hits"": [""猫"", ""喵""]}, ""LF_SMART"": {""vote"": null, ""hits"": []}, ""LF_SUPPLY"": {""vote"": null, ""hits"": []}, ""LF_HEALTH"": {""vote"": null, ""hits"": []}, ""LF_A_BRAND_HW"": {""vote"": null, ""hits"": []}, ""LF_A_PET_HW_SMART"": {""vote"": null, ""hits"": []}, ""LF_B_PET_HW_PLAIN"": {""vote"": null, ""hits"": []}, ""LF_C_PET_ONLY"": {""vote"": ""C"", ""hits"": [""猫"", ""喵""]}}",C,日常vlog,,0.8,,猫咪发情日常,0.2,C,,
随机(度量用),147,RawMeat | 猫砂盆的选择、数量及摆放,"每天一个养宠小知识,喵星人,开启暑假的100种方式",10125,B,,"{""B"": 2.0, ""C"": 1.5}","{""LF_NOISE"": {""vote"": null, ""hits"": []}, ""LF_GAME"": {""vote"": null, ""hits"": []}, ""LF_BRAND"": {""vote"": null, ""hits"": []}, ""LF_HW"": {""vote"": null, ""hits"": [""猫砂盆""]}, ""LF_PET"": {""vote"": null, ""hits"": [""猫"", ""喵"", ""养宠""]}, ""LF_SMART"": {""vote"": null, ""hits"": []}, ""LF_SUPPLY"": {""vote"": ""B"", ""hits"": [""猫砂""]}, ""LF_HEALTH"": {""vote"": null, ""hits"": []}, ""LF_A_BRAND_HW"": {""vote"": null, ""hits"": []}, ""LF_A_PET_HW_SMART"": {""vote"": null, ""hits"": []}, ""LF_B_PET_HW_PLAIN"": {""vote"": ""B"", ""hits"": [""猫砂盆""]}, ""LF_C_PET_ONLY"": {""vote"": null, ""hits"": []}}",C,养护科普,,0.9,,猫砂盆选择摆放科普,0.85,C,,
随机(度量用),148,极简木板猫窝制作过程,"手工,猫猫,木工",4505,C,,"{""B"": 1.1, ""C"": 1.5}","{""LF_NOISE"": {""vote"": null, ""hits"": []}, ""LF_GAME"": {""vote"": null, ""hits"": []}, ""LF_BRAND"": {""vote"": null, ""hits"": []}, ""LF_HW"": {""vote"": null, ""hits"": [""猫窝""]}, ""LF_PET"": {""vote"": null, ""hits"": [""猫""]}, ""LF_SMART"": {""vote"": null, ""hits"": []}, ""LF_SUPPLY"": {""vote"": null, ""hits"": []}, ""LF_HEALTH"": {""vote"": null, ""hits"": []}, ""LF_A_BRAND_HW"": {""vote"": null, ""hits"": []}, ""LF_A_PET_HW_SMART"": {""vote"": null, ""hits"": []}, ""LF_B_PET_HW_PLAIN"": {""vote"": ""B"", ""hits"": [""猫窝""]}, ""LF_C_PET_ONLY"": {""vote"": null, ""hits"": []}}",C,硬件DIY,,0.8,,木板猫窝制作，非智能,0.4231,B,,
随机(度量用),149,猫猫又有什么烦恼呢,"烦恼,工作,猫猫,喵星人,银渐层,英短,谁家小猫这么可爱,必剪创作,上班族,养猫,动物总动员-小动物的假期",369,C,,"{""C"": 2.5}","{""LF_NOISE"": {""vote"": null, ""hits"": []}, ""LF_GAME"": {""vote"": null, ""hits"": []}, ""LF_BRAND"": {""vote"": null, ""hits"": []}, ""LF_HW"": {""vote"": null, ""hits"": []}, ""LF_PET"": {""vote"": null, ""hits"": [""猫"", ""喵"", ""小猫"", ""银渐层"", ""英短""]}, ""LF_SMART"": {""vote"": null, ""hits"": []}, ""LF_SUPPLY"": {""vote"": null, ""hits"": []}, ""LF_HEALTH"": {""vote"": null, ""hits"": []}, ""LF_A_BRAND_HW"": {""vote"": null, ""hits"": []}, ""LF_A_PET_HW_SMART"": {""vote"": null, ""hits"": []}, ""LF_B_PET_HW_PLAIN"": {""vote"": null, ""hits"": []}, ""LF_C_PET_ONLY"": {""vote"": ""C"", ""hits"": [""猫"", ""喵"", ""小猫"", ""银渐层""]}}",C,日常vlog,,0.9,,猫咪日常，非硬件,0.1,C,,
随机(度量用),150,猫咪解闷神器！亲测猫咪超爱的有声纯享鼠片 给猫看的视频 全自动逗猫 解放铲屎官双手 养猫好物 cat tv,"动物观察局24.0 小动物变装派对！,养猫,动物观察局,铲屎官,狗,逗猫,宠物,喵星人,英短,萌宠,奶猫",148466,C,,"{""C"": 2.5}","{""LF_NOISE"": {""vote"": null, ""hits"": []}, ""LF_GAME"": {""vote"": null, ""hits"": []}, ""LF_BRAND"": {""vote"": null, ""hits"": []}, ""LF_HW"": {""vote"": null, ""hits"": []}, ""LF_PET"": {""vote"": null, ""hits"": [""猫"", ""狗"", ""宠物"", ""喵"", ""铲屎"", ""猫咪""]}, ""LF_SMART"": {""vote"": null, ""hits"": [""自动"", ""全自动""]}, ""LF_SUPPLY"": {""vote"": null, ""hits"": []}, ""LF_HEALTH"": {""vote"": null, ""hits"": []}, ""LF_A_BRAND_HW"": {""vote"": null, ""hits"": []}, ""LF_A_PET_HW_SMART"": {""vote"": null, ""hits"": []}, ""LF_B_PET_HW_PLAIN"": {""vote"": null, ""hits"": []}, ""LF_C_PET_ONLY"": {""vote"": ""C"", ""hits"": [""猫"", ""狗"", ""宠物"", ""喵""]}}",C,日常vlog,,0.9,,逗猫视频，非硬件,0.1,C,C,
随机(度量用),151,狗总在家乱拉乱尿，8秒钟帮你解决,"萌宠UP主加更计划,金毛,狗狗,技巧,汪星人,吃货,可爱,傻狗,教程攻略,宠物",853,C,,"{""C"": 2.5}","{""LF_NOISE"": {""vote"": null, ""hits"": []}, ""LF_GAME"": {""vote"": null, ""hits"": []}, ""LF_BRAND"": {""vote"": null, ""hits"": []}, ""LF_HW"": {""vote"": null, ""hits"": []}, ""LF_PET"": {""vote"": null, ""hits"": [""狗"", ""宠物"", ""汪"", ""狗狗"", ""金毛""]}, ""LF_SMART"": {""vote"": null, ""hits"": []}, ""LF_SUPPLY"": {""vote"": null, ""hits"": []}, ""LF_HEALTH"": {""vote"": null, ""hits"": []}, ""LF_A_BRAND_HW"": {""vote"": null, ""hits"": []}, ""LF_A_PET_HW_SMART"": {""vote"": null, ""hits"": []}, ""LF_B_PET_HW_PLAIN"": {""vote"": null, ""hits"": []}, ""LF_C_PET_ONLY"": {""vote"": ""C"", ""hits"": [""狗"", ""宠物"", ""汪"", ""狗狗""]}}",C,养护科普,,0.85,,狗狗乱拉乱尿训练技巧,0.15,C,,
随机(度量用),152,猫咪这样喝水一定有它的道理,"喵星人,道理,喝水",1283,C,,"{""C"": 2.5}","{""LF_NOISE"": {""vote"": null, ""hits"": []}, ""LF_GAME"": {""vote"": null, ""hits"": []}, ""LF_BRAND"": {""vote"": null, ""hits"": []}, ""LF_HW"": {""vote"": null, ""hits"": []}, ""LF_PET"": {""vote"": null, ""hits"": [""猫"", ""喵"", ""猫咪""]}, ""LF_SMART"": {""vote"": null, ""hits"": []}, ""LF_SUPPLY"": {""vote"": null, ""hits"": []}, ""LF_HEALTH"": {""vote"": null, ""hits"": []}, ""LF_A_BRAND_HW"": {""vote"": null, ""hits"": []}, ""LF_A_PET_HW_SMART"": {""vote"": null, ""hits"": []}, ""LF_B_PET_HW_PLAIN"": {""vote"": null, ""hits"": []}, ""LF_C_PET_ONLY"": {""vote"": ""C"", ""hits"": [""猫"", ""喵"", ""猫咪""]}}",C,日常vlog,,0.85,,猫咪喝水搞笑日常,0.15,C,,
随机(度量用),153,网上买了1条奇丑无比的观赏鱼，个头不大脾气不小，摸它一下就生气了！,"开箱,动物摄像,动物圈达人创作营,养鱼,斑马狗头,星计划,观赏鱼,水族,狗头鱼,宠物",20841,C,,"{""C"": 2.5}","{""LF_NOISE"": {""vote"": null, ""hits"": []}, ""LF_GAME"": {""vote"": null, ""hits"": []}, ""LF_BRAND"": {""vote"": null, ""hits"": []}, ""LF_HW"": {""vote"": null, ""hits"": []}, ""LF_PET"": {""vote"": null, ""hits"": [""狗"", ""宠物"", ""水族"", ""观赏鱼"", ""养鱼""]}, ""LF_SMART"": {""vote"": null, ""hits"": []}, ""LF_SUPPLY"": {""vote"": null, ""hits"": []}, ""LF_HEALTH"": {""vote"": null, ""hits"": []}, ""LF_A_BRAND_HW"": {""vote"": null, ""hits"": []}, ""LF_A_PET_HW_SMART"": {""vote"": null, ""hits"": []}, ""LF_B_PET_HW_PLAIN"": {""vote"": null, ""hits"": []}, ""LF_C_PET_ONLY"": {""vote"": ""C"", ""hits"": [""狗"", ""宠物"", ""水族"", ""观赏鱼""]}}",C,日常vlog,,0.85,,观赏鱼开箱日常，非智能硬件,0.15,C,,
随机(度量用),154,咪啥呀不要，就想要个家···,"喵星人,萌宠UP主加更计划,领养活动,猫咪消防员,和猫住,狸花猫,流浪猫",43249,C,,"{""C"": 2.5}","{""LF_NOISE"": {""vote"": null, ""hits"": []}, ""LF_GAME"": {""vote"": null, ""hits"": []}, ""LF_BRAND"": {""vote"": null, ""hits"": []}, ""LF_HW"": {""vote"": null, ""hits"": []}, ""LF_PET"": {""vote"": null, ""hits"": [""猫"", ""喵"", ""猫咪""]}, ""LF_SMART"": {""vote"": null, ""hits"": []}, ""LF_SUPPLY"": {""vote"": null, ""hits"": []}, ""LF_HEALTH"": {""vote"": null, ""hits"": []}, ""LF_A_BRAND_HW"": {""vote"": null, ""hits"": []}, ""LF_A_PET_HW_SMART"": {""vote"": null, ""hits"": []}, ""LF_B_PET_HW_PLAIN"": {""vote"": null, ""hits"": []}, ""LF_C_PET_ONLY"": {""vote"": ""C"", ""hits"": [""猫"", ""喵"", ""猫咪""]}}",C,领养救助,,0.9,,流浪猫领养内容,0.1,C,,
随机(度量用),155,花100块买一堆纸板，给猫做个别墅小窝，猫会喜欢吗？,"可爱,一起做手工吧！,一起做手工吧！2.0,猫猫,纸板,手工,有趣,别墅,创意,生活记录",44445,C,,"{""C"": 2.5}","{""LF_NOISE"": {""vote"": null, ""hits"": []}, ""LF_GAME"": {""vote"": null, ""hits"": []}, ""LF_BRAND"": {""vote"": null, ""hits"": []}, ""LF_HW"": {""vote"": null, ""hits"": []}, ""LF_PET"": {""vote"": null, ""hits"": [""猫""]}, ""LF_SMART"": {""vote"": null, ""hits"": []}, ""LF_SUPPLY"": {""vote"": null, ""hits"": []}, ""LF_HEALTH"": {""vote"": null, ""hits"": []}, ""LF_A_BRAND_HW"": {""vote"": null, ""hits"": []}, ""LF_A_PET_HW_SMART"": {""vote"": null, ""hits"": []}, ""LF_B_PET_HW_PLAIN"": {""vote"": null, ""hits"": []}, ""LF_C_PET_ONLY"": {""vote"": ""C"", ""hits"": [""猫""]}}",C,硬件DIY,,0.85,,纸板做猫窝，非智能硬件,0.15,C,B,
随机(度量用),156,一撸一把毛，猫毛满天飞。,"喵星人,狸花猫,田园猫",1162,C,,"{""C"": 2.5}","{""LF_NOISE"": {""vote"": null, ""hits"": []}, ""LF_GAME"": {""vote"": null, ""hits"": []}, ""LF_BRAND"": {""vote"": null, ""hits"": []}, ""LF_HW"": {""vote"": null, ""hits"": []}, ""LF_PET"": {""vote"": null, ""hits"": [""猫"", ""喵"", ""田园猫""]}, ""LF_SMART"": {""vote"": null, ""hits"": []}, ""LF_SUPPLY"": {""vote"": null, ""hits"": []}, ""LF_HEALTH"": {""vote"": null, ""hits"": []}, ""LF_A_BRAND_HW"": {""vote"": null, ""hits"": []}, ""LF_A_PET_HW_SMART"": {""vote"": null, ""hits"": []}, ""LF_B_PET_HW_PLAIN"": {""vote"": null, ""hits"": []}, ""LF_C_PET_ONLY"": {""vote"": ""C"", ""hits"": [""猫"", ""喵"", ""田园猫""]}}",C,日常vlog,,0.9,,撸猫掉毛日常,0.1,C,,
随机(度量用),157,早十晚六养猫打工人上班前都在干什么？,"随手记录我的生活碎片,猫猫,养猫人,工作,#vlog,上班,上班族,生活记录,生活万花筒14.0-给生活的planB,记录",343,C,,"{""C"": 2.5}","{""LF_NOISE"": {""vote"": null, ""hits"": []}, ""LF_GAME"": {""vote"": null, ""hits"": []}, ""LF_BRAND"": {""vote"": null, ""hits"": []}, ""LF_HW"": {""vote"": null, ""hits"": []}, ""LF_PET"": {""vote"": null, ""hits"": [""猫""]}, ""LF_SMART"": {""vote"": null, ""hits"": []}, ""LF_SUPPLY"": {""vote"": null, ""hits"": []}, ""LF_HEALTH"": {""vote"": null, ""hits"": []}, ""LF_A_BRAND_HW"": {""vote"": null, ""hits"": []}, ""LF_A_PET_HW_SMART"": {""vote"": null, ""hits"": []}, ""LF_B_PET_HW_PLAIN"": {""vote"": null, ""hits"": []}, ""LF_C_PET_ONLY"": {""vote"": ""C"", ""hits"": [""猫""]}}",C,日常vlog,,0.9,,养猫打工人日常，非硬件,0.1,C,,
随机(度量用),158,小猫活了一年多，第一次洗澡！这猫掉色哈哈哈哈哈,"烘干箱,洗澡,猫咪,萌萌哒,动物圈达人创作营,铲屎官,宠物,我的冤种铲屎官,小猫咪,萌",25370,C,,"{""B"": 1.1, ""C"": 1.5}","{""LF_NOISE"": {""vote"": null, ""hits"": []}, ""LF_GAME"": {""vote"": null, ""hits"": []}, ""LF_BRAND"": {""vote"": null, ""hits"": []}, ""LF_HW"": {""vote"": null, ""hits"": [""烘干箱""]}, ""LF_PET"": {""vote"": null, ""hits"": [""猫"", ""宠物"", ""铲屎"", ""小猫"", ""猫咪""]}, ""LF_SMART"": {""vote"": null, ""hits"": []}, ""LF_SUPPLY"": {""vote"": null, ""hits"": []}, ""LF_HEALTH"": {""vote"": null, ""hits"": []}, ""LF_A_BRAND_HW"": {""vote"": null, ""hits"": []}, ""LF_A_PET_HW_SMART"": {""vote"": null, ""hits"": []}, ""LF_B_PET_HW_PLAIN"": {""vote"": ""B"", ""hits"": [""烘干箱""]}, ""LF_C_PET_ONLY"": {""vote"": null, ""hits"": []}}",C,日常vlog,,0.9,,猫咪洗澡日常，非硬件,0.4231,C,,
随机(度量用),159,板鸭开机挺快,"晒晒你家毛孩子,创作灵感,宠物",5728,C,,"{""C"": 2.5}","{""LF_NOISE"": {""vote"": null, ""hits"": []}, ""LF_GAME"": {""vote"": null, ""hits"": []}, ""LF_BRAND"": {""vote"": null, ""hits"": []}, ""LF_HW"": {""vote"": null, ""hits"": []}, ""LF_PET"": {""vote"": null, ""hits"": [""宠物"", ""毛孩子""]}, ""LF_SMART"": {""vote"": null, ""hits"": []}, ""LF_SUPPLY"": {""vote"": null, ""hits"": []}, ""LF_HEALTH"": {""vote"": null, ""hits"": []}, ""LF_A_BRAND_HW"": {""vote"": null, ""hits"": []}, ""LF_A_PET_HW_SMART"": {""vote"": null, ""hits"": []}, ""LF_B_PET_HW_PLAIN"": {""vote"": null, ""hits"": []}, ""LF_C_PET_ONLY"": {""vote"": ""C"", ""hits"": [""宠物"", ""毛孩子""]}}",C,日常vlog,,1,1,标题模糊，疑似宠物日常,0,C,,
随机(度量用),160,想要猫咪养的好，喂它喝水有讲究,"萌宠up主加更计划,生活记录,猫猫,可爱",190,C,,"{""C"": 2.5}","{""LF_NOISE"": {""vote"": null, ""hits"": []}, ""LF_GAME"": {""vote"": null, ""hits"": []}, ""LF_BRAND"": {""vote"": null, ""hits"": []}, ""LF_HW"": {""vote"": null, ""hits"": []}, ""LF_PET"": {""vote"": null, ""hits"": [""猫"", ""猫咪""]}, ""LF_SMART"": {""vote"": null, ""hits"": []}, ""LF_SUPPLY"": {""vote"": null, ""hits"": []}, ""LF_HEALTH"": {""vote"": null, ""hits"": []}, ""LF_A_BRAND_HW"": {""vote"": null, ""hits"": []}, ""LF_A_PET_HW_SMART"": {""vote"": null, ""hits"": []}, ""LF_B_PET_HW_PLAIN"": {""vote"": null, ""hits"": []}, ""LF_C_PET_ONLY"": {""vote"": ""C"", ""hits"": [""猫"", ""猫咪""]}}",C,养护科普,,1,1,猫咪喝水养护科普,0,C,,
随机(度量用),161,出差回家啦，带大家第一视角沉浸喂猫条～,"喵星人,第一视角,英短",201,C,,"{""B"": 0.9, ""C"": 2.5}","{""LF_NOISE"": {""vote"": null, ""hits"": []}, ""LF_GAME"": {""vote"": null, ""hits"": []}, ""LF_BRAND"": {""vote"": null, ""hits"": []}, ""LF_HW"": {""vote"": null, ""hits"": []}, ""LF_PET"": {""vote"": null, ""hits"": [""猫"", ""喵"", ""英短""]}, ""LF_SMART"": {""vote"": null, ""hits"": []}, ""LF_SUPPLY"": {""vote"": ""B"", ""hits"": [""猫条""]}, ""LF_HEALTH"": {""vote"": null, ""hits"": []}, ""LF_A_BRAND_HW"": {""vote"": null, ""hits"": []}, ""LF_A_PET_HW_SMART"": {""vote"": null, ""hits"": []}, ""LF_B_PET_HW_PLAIN"": {""vote"": null, ""hits"": []}, ""LF_C_PET_ONLY"": {""vote"": ""C"", ""hits"": [""猫"", ""喵"", ""英短""]}}",C,日常vlog,,0.9,,喂猫条日常,0.2647,C,,
随机(度量用),162,529-二年前卖出去的罗威纳回来配种,"罗威纳,开箱视频,毛孩子放风计划 亚宠季",79535,C,,"{""C"": 2.5}","{""LF_NOISE"": {""vote"": null, ""hits"": []}, ""LF_GAME"": {""vote"": null, ""hits"": []}, ""LF_BRAND"": {""vote"": null, ""hits"": []}, ""LF_HW"": {""vote"": null, ""hits"": []}, ""LF_PET"": {""vote"": null, ""hits"": [""毛孩子""]}, ""LF_SMART"": {""vote"": null, ""hits"": []}, ""LF_SUPPLY"": {""vote"": null, ""hits"": []}, ""LF_HEALTH"": {""vote"": null, ""hits"": []}, ""LF_A_BRAND_HW"": {""vote"": null, ""hits"": []}, ""LF_A_PET_HW_SMART"": {""vote"": null, ""hits"": []}, ""LF_B_PET_HW_PLAIN"": {""vote"": null, ""hits"": []}, ""LF_C_PET_ONLY"": {""vote"": ""C"", ""hits"": [""毛孩子""]}}",C,日常vlog,,1,1,罗威纳配种记录,0,C,,
随机(度量用),163,vlog#104 打工人一人一猫日常记录/Ling_kiko明信片/一周三练/酸奶碗/咖啡/又买轻松熊/饮食记录/日常列计划做手帐/吃炸鸡/努力做高精力的人！,"上班族,生活记录,独居,随手记录我的生活碎片,养猫日常,一人食",1788,C,,"{""N"": 0.45, ""C"": 2.5}","{""LF_NOISE"": {""vote"": ""N"", ""hits"": [""咖啡""]}, ""LF_GAME"": {""vote"": null, ""hits"": []}, ""LF_BRAND"": {""vote"": null, ""hits"": []}, ""LF_HW"": {""vote"": null, ""hits"": []}, ""LF_PET"": {""vote"": null, ""hits"": [""猫""]}, ""LF_SMART"": {""vote"": null, ""hits"": []}, ""LF_SUPPLY"": {""vote"": null, ""hits"": []}, ""LF_HEALTH"": {""vote"": null, ""hits"": []}, ""LF_A_BRAND_HW"": {""vote"": null, ""hits"": []}, ""LF_A_PET_HW_SMART"": {""vote"": null, ""hits"": []}, ""LF_B_PET_HW_PLAIN"": {""vote"": null, ""hits"": []}, ""LF_C_PET_ONLY"": {""vote"": ""C"", ""hits"": [""猫""]}}",C,日常vlog,,0.85,,一人一猫日常vlog,0.1525,C,,
随机(度量用),164,当家里买了猫咪喂食器,"猫咪,喵星人,宠物吃播,自动喂食器,小猫",418409,C,,"{""A"": 1.3, ""C"": 1.5}","{""LF_NOISE"": {""vote"": null, ""hits"": []}, ""LF_GAME"": {""vote"": null, ""hits"": []}, ""LF_BRAND"": {""vote"": null, ""hits"": []}, ""LF_HW"": {""vote"": null, ""hits"": [""喂食器""]}, ""LF_PET"": {""vote"": null, ""hits"": [""猫"", ""宠物"", ""喵"", ""小猫"", ""猫咪""]}, ""LF_SMART"": {""vote"": null, ""hits"": [""自动""]}, ""LF_SUPPLY"": {""vote"": null, ""hits"": []}, ""LF_HEALTH"": {""vote"": null, ""hits"": []}, ""LF_A_BRAND_HW"": {""vote"": null, ""hits"": []}, ""LF_A_PET_HW_SMART"": {""vote"": ""A"", ""hits"": [""自动""]}, ""LF_B_PET_HW_PLAIN"": {""vote"": null, ""hits"": []}, ""LF_C_PET_ONLY"": {""vote"": null, ""hits"": []}}",C,日常vlog,,0.8,,猫咪喂食器日常，非测评,0.4643,C,,
随机(度量用),165,你们骂就骂吧～反正我不后悔做这个草坪狗厕～,"汪星人,关于养宠来唠嗑,动物观察局18.0 小动物聊天室,柯基",745230,C,,"{""C"": 2.5}","{""LF_NOISE"": {""vote"": null, ""hits"": []}, ""LF_GAME"": {""vote"": null, ""hits"": []}, ""LF_BRAND"": {""vote"": null, ""hits"": []}, ""LF_HW"": {""vote"": null, ""hits"": []}, ""LF_PET"": {""vote"": null, ""hits"": [""狗"", ""汪"", ""养宠"", ""柯基""]}, ""LF_SMART"": {""vote"": null, ""hits"": []}, ""LF_SUPPLY"": {""vote"": null, ""hits"": []}, ""LF_HEALTH"": {""vote"": null, ""hits"": []}, ""LF_A_BRAND_HW"": {""vote"": null, ""hits"": []}, ""LF_A_PET_HW_SMART"": {""vote"": null, ""hits"": []}, ""LF_B_PET_HW_PLAIN"": {""vote"": null, ""hits"": []}, ""LF_C_PET_ONLY"": {""vote"": ""C"", ""hits"": [""狗"", ""汪"", ""养宠"", ""柯基""]}}",C,日常vlog,,0.8,,草坪狗厕制作分享，非智能,0.2,B,,DIY非智能硬件，算B么？
随机(度量用),166,养猫最头疼的不是调皮，是猫咪精力没处发泄,"天性,解压玩具,养猫,解压,猫粮,神器,玩具,猫咪,喵星人",38999,C,,"{""B"": 0.9, ""C"": 2.5}","{""LF_NOISE"": {""vote"": null, ""hits"": []}, ""LF_GAME"": {""vote"": null, ""hits"": []}, ""LF_BRAND"": {""vote"": null, ""hits"": []}, ""LF_HW"": {""vote"": null, ""hits"": []}, ""LF_PET"": {""vote"": null, ""hits"": [""猫"", ""喵"", ""猫咪""]}, ""LF_SMART"": {""vote"": null, ""hits"": []}, ""LF_SUPPLY"": {""vote"": ""B"", ""hits"": [""猫粮"", ""玩具""]}, ""LF_HEALTH"": {""vote"": null, ""hits"": []}, ""LF_A_BRAND_HW"": {""vote"": null, ""hits"": []}, ""LF_A_PET_HW_SMART"": {""vote"": null, ""hits"": []}, ""LF_B_PET_HW_PLAIN"": {""vote"": null, ""hits"": []}, ""LF_C_PET_ONLY"": {""vote"": ""C"", ""hits"": [""猫"", ""喵"", ""猫咪""]}}",C,养护科普,,1,1,养猫精力发泄科普,0.2647,C,B,
随机(度量用),167,不会喝水的猫咪。这就是人教版和猫教版的区别,必剪创作,134824,C,,"{""C"": 2.5}","{""LF_NOISE"": {""vote"": null, ""hits"": []}, ""LF_GAME"": {""vote"": null, ""hits"": []}, ""LF_BRAND"": {""vote"": null, ""hits"": []}, ""LF_HW"": {""vote"": null, ""hits"": []}, ""LF_PET"": {""vote"": null, ""hits"": [""猫"", ""猫咪""]}, ""LF_SMART"": {""vote"": null, ""hits"": []}, ""LF_SUPPLY"": {""vote"": null, ""hits"": []}, ""LF_HEALTH"": {""vote"": null, ""hits"": []}, ""LF_A_BRAND_HW"": {""vote"": null, ""hits"": []}, ""LF_A_PET_HW_SMART"": {""vote"": null, ""hits"": []}, ""LF_B_PET_HW_PLAIN"": {""vote"": null, ""hits"": []}, ""LF_C_PET_ONLY"": {""vote"": ""C"", ""hits"": [""猫"", ""猫咪""]}}",C,日常vlog,,1,1,猫咪喝水搞笑内容,0,C,,
随机(度量用),168,ASMR小狗舔我的脸,"ASMR精选,田园犬,撸狗,汪星人",5736,C,,"{""C"": 2.5}","{""LF_NOISE"": {""vote"": null, ""hits"": []}, ""LF_GAME"": {""vote"": null, ""hits"": []}, ""LF_BRAND"": {""vote"": null, ""hits"": []}, ""LF_HW"": {""vote"": null, ""hits"": []}, ""LF_PET"": {""vote"": null, ""hits"": [""狗"", ""汪"", ""小狗"", ""犬""]}, ""LF_SMART"": {""vote"": null, ""hits"": []}, ""LF_SUPPLY"": {""vote"": null, ""hits"": []}, ""LF_HEALTH"": {""vote"": null, ""hits"": []}, ""LF_A_BRAND_HW"": {""vote"": null, ""hits"": []}, ""LF_A_PET_HW_SMART"": {""vote"": null, ""hits"": []}, ""LF_B_PET_HW_PLAIN"": {""vote"": null, ""hits"": []}, ""LF_C_PET_ONLY"": {""vote"": ""C"", ""hits"": [""狗"", ""汪"", ""小狗"", ""犬""]}}",C,日常vlog,,0.8,,小狗ASMR，非硬件,0.2,C,,
随机(度量用),169,5个小时没回家，小猫差点开口说话,"喵星人,小猫,日常,主人,暹罗猫,这谁看了不迷糊啊,必剪创作,宠物,小奶猫",211192,C,,"{""C"": 2.5}","{""LF_NOISE"": {""vote"": null, ""hits"": []}, ""LF_GAME"": {""vote"": null, ""hits"": []}, ""LF_BRAND"": {""vote"": null, ""hits"": []}, ""LF_HW"": {""vote"": null, ""hits"": []}, ""LF_PET"": {""vote"": null, ""hits"": [""猫"", ""宠物"", ""喵"", ""小猫""]}, ""LF_SMART"": {""vote"": null, ""hits"": []}, ""LF_SUPPLY"": {""vote"": null, ""hits"": []}, ""LF_HEALTH"": {""vote"": null, ""hits"": []}, ""LF_A_BRAND_HW"": {""vote"": null, ""hits"": []}, ""LF_A_PET_HW_SMART"": {""vote"": null, ""hits"": []}, ""LF_B_PET_HW_PLAIN"": {""vote"": null, ""hits"": []}, ""LF_C_PET_ONLY"": {""vote"": ""C"", ""hits"": [""猫"", ""宠物"", ""喵"", ""小猫""]}}",C,日常vlog,,0.9,,猫咪日常，非硬件,0.1,C,,
随机(度量用),170,绝活猫！熟练使用饮水机接水滴水不漏,"饮水机,绝活,记录,猫猫,喵星人",830,C,,"{""B"": 1.1, ""C"": 1.5}","{""LF_NOISE"": {""vote"": null, ""hits"": []}, ""LF_GAME"": {""vote"": null, ""hits"": []}, ""LF_BRAND"": {""vote"": null, ""hits"": []}, ""LF_HW"": {""vote"": null, ""hits"": [""饮水机""]}, ""LF_PET"": {""vote"": null, ""hits"": [""猫"", ""喵""]}, ""LF_SMART"": {""vote"": null, ""hits"": []}, ""LF_SUPPLY"": {""vote"": null, ""hits"": []}, ""LF_HEALTH"": {""vote"": null, ""hits"": []}, ""LF_A_BRAND_HW"": {""vote"": null, ""hits"": []}, ""LF_A_PET_HW_SMART"": {""vote"": null, ""hits"": []}, ""LF_B_PET_HW_PLAIN"": {""vote"": ""B"", ""hits"": [""饮水机""]}, ""LF_C_PET_ONLY"": {""vote"": null, ""hits"": []}}",C,日常vlog,,1,1,猫用饮水机接水是萌宠日常，非产品测评,0.4231,C,,
随机(度量用),171,今天遛的秋田，身价居然可以买辆小米su7！,"柴犬,宠物,狗狗日常,萌宠,狗子的迷惑行为,秋田,秋田犬,汪星人,小米SU7,疯铲姐妹",169660,C,,"{""C"": 2.5}","{""LF_NOISE"": {""vote"": null, ""hits"": []}, ""LF_GAME"": {""vote"": null, ""hits"": []}, ""LF_BRAND"": {""vote"": null, ""hits"": []}, ""LF_HW"": {""vote"": null, ""hits"": []}, ""LF_PET"": {""vote"": null, ""hits"": [""狗"", ""宠物"", ""汪"", ""犬"", ""狗狗""]}, ""LF_SMART"": {""vote"": null, ""hits"": []}, ""LF_SUPPLY"": {""vote"": null, ""hits"": []}, ""LF_HEALTH"": {""vote"": null, ""hits"": []}, ""LF_A_BRAND_HW"": {""vote"": null, ""hits"": []}, ""LF_A_PET_HW_SMART"": {""vote"": null, ""hits"": []}, ""LF_B_PET_HW_PLAIN"": {""vote"": null, ""hits"": []}, ""LF_C_PET_ONLY"": {""vote"": ""C"", ""hits"": [""狗"", ""宠物"", ""汪"", ""犬""]}}",C,日常vlog,,0.9,,遛狗日常，非硬件,0.1,C,,
随机(度量用),172,福福成长日记｜为什么每次喝完水都咳嗽呢？,"喵星人,奶牛猫,田园猫,喝水,生活万花筒10.0 生活在春天里,咳嗽,随手记录我的生活碎片",4176,C,,"{""C"": 2.5}","{""LF_NOISE"": {""vote"": null, ""hits"": []}, ""LF_GAME"": {""vote"": null, ""hits"": []}, ""LF_BRAND"": {""vote"": null, ""hits"": []}, ""LF_HW"": {""vote"": null, ""hits"": []}, ""LF_PET"": {""vote"": null, ""hits"": [""猫"", ""喵"", ""田园猫""]}, ""LF_SMART"": {""vote"": null, ""hits"": []}, ""LF_SUPPLY"": {""vote"": null, ""hits"": []}, ""LF_HEALTH"": {""vote"": null, ""hits"": []}, ""LF_A_BRAND_HW"": {""vote"": null, ""hits"": []}, ""LF_A_PET_HW_SMART"": {""vote"": null, ""hits"": []}, ""LF_B_PET_HW_PLAIN"": {""vote"": null, ""hits"": []}, ""LF_C_PET_ONLY"": {""vote"": ""C"", ""hits"": [""猫"", ""喵"", ""田园猫""]}}",C,日常vlog,,0.8,,猫咪成长日记日常,0.2,C,,
随机(度量用),173,回家告诉小米糯 兔爸今天帮助一只小蜗牛回了家,"必剪创作,萌宠vlog,解压治愈,小动物日常,动物总动员,宠物兔,垂耳兔,可爱动物,小兔子",456,C,,"{""C"": 2.5}","{""LF_NOISE"": {""vote"": null, ""hits"": []}, ""LF_GAME"": {""vote"": null, ""hits"": []}, ""LF_BRAND"": {""vote"": null, ""hits"": []}, ""LF_HW"": {""vote"": null, ""hits"": []}, ""LF_PET"": {""vote"": null, ""hits"": [""宠物""]}, ""LF_SMART"": {""vote"": null, ""hits"": []}, ""LF_SUPPLY"": {""vote"": null, ""hits"": []}, ""LF_HEALTH"": {""vote"": null, ""hits"": []}, ""LF_A_BRAND_HW"": {""vote"": null, ""hits"": []}, ""LF_A_PET_HW_SMART"": {""vote"": null, ""hits"": []}, ""LF_B_PET_HW_PLAIN"": {""vote"": null, ""hits"": []}, ""LF_C_PET_ONLY"": {""vote"": ""C"", ""hits"": [""宠物""]}}",C,日常vlog,,0.9,,宠物兔日常vlog,0.1,C,,
随机(度量用),174,猫猫不爱喝水怎么办,"宠物,喵星人,萌宠,喝水,小猫咪,动物观察局·小动物治愈馆,搞笑,动物观察局,猫猫,动物圈达人创作营,动物",853,C,,"{""C"": 2.5}","{""LF_NOISE"": {""vote"": null, ""hits"": []}, ""LF_GAME"": {""vote"": null, ""hits"": []}, ""LF_BRAND"": {""vote"": null, ""hits"": []}, ""LF_HW"": {""vote"": null, ""hits"": []}, ""LF_PET"": {""vote"": null, ""hits"": [""猫"", ""宠物"", ""喵"", ""小猫"", ""猫咪""]}, ""LF_SMART"": {""vote"": null, ""hits"": []}, ""LF_SUPPLY"": {""vote"": null, ""hits"": []}, ""LF_HEALTH"": {""vote"": null, ""hits"": []}, ""LF_A_BRAND_HW"": {""vote"": null, ""hits"": []}, ""LF_A_PET_HW_SMART"": {""vote"": null, ""hits"": []}, ""LF_B_PET_HW_PLAIN"": {""vote"": null, ""hits"": []}, ""LF_C_PET_ONLY"": {""vote"": ""C"", ""hits"": [""猫"", ""宠物"", ""喵"", ""小猫""]}}",C,养护科普,,1,1,猫不爱喝水科普，无硬件,0,C,,
随机(度量用),175,对摄像头好奇的小猫长大了,"动物观察局22.0·宠物夏日清凉季,银渐层,可爱,萌宠日常,动物观察局,喵星人,英短",21995,C,,"{""B"": 1.1, ""C"": 1.5}","{""LF_NOISE"": {""vote"": null, ""hits"": []}, ""LF_GAME"": {""vote"": null, ""hits"": []}, ""LF_BRAND"": {""vote"": null, ""hits"": []}, ""LF_HW"": {""vote"": null, ""hits"": [""摄像头""]}, ""LF_PET"": {""vote"": null, ""hits"": [""猫"", ""宠物"", ""喵"", ""小猫"", ""银渐层"", ""英短""]}, ""LF_SMART"": {""vote"": null, ""hits"": []}, ""LF_SUPPLY"": {""vote"": null, ""hits"": []}, ""LF_HEALTH"": {""vote"": null, ""hits"": []}, ""LF_A_BRAND_HW"": {""vote"": null, ""hits"": []}, ""LF_A_PET_HW_SMART"": {""vote"": null, ""hits"": []}, ""LF_B_PET_HW_PLAIN"": {""vote"": ""B"", ""hits"": [""摄像头""]}, ""LF_C_PET_ONLY"": {""vote"": null, ""hits"": []}}",C,日常vlog,,0.9,,猫对摄像头好奇的萌宠日常,0.4231,C,,
随机(度量用),176,猫咪不喝水的三招解决办法，合集二！,"猫咪,科普,喵星人,宠物科普,猫咪科普,解决办法",985,C,,"{""C"": 2.5}","{""LF_NOISE"": {""vote"": null, ""hits"": []}, ""LF_GAME"": {""vote"": null, ""hits"": []}, ""LF_BRAND"": {""vote"": null, ""hits"": []}, ""LF_HW"": {""vote"": null, ""hits"": []}, ""LF_PET"": {""vote"": null, ""hits"": [""猫"", ""宠物"", ""喵"", ""猫咪""]}, ""LF_SMART"": {""vote"": null, ""hits"": []}, ""LF_SUPPLY"": {""vote"": null, ""hits"": []}, ""LF_HEALTH"": {""vote"": null, ""hits"": []}, ""LF_A_BRAND_HW"": {""vote"": null, ""hits"": []}, ""LF_A_PET_HW_SMART"": {""vote"": null, ""hits"": []}, ""LF_B_PET_HW_PLAIN"": {""vote"": null, ""hits"": []}, ""LF_C_PET_ONLY"": {""vote"": ""C"", ""hits"": [""猫"", ""宠物"", ""喵"", ""猫咪""]}}",C,养护科普,,1,1,猫咪喝水解决办法科普,0,C,,
随机(度量用),177,狗狗喜欢听的20种声音,"小动物的假期,声音,汪星人,动物总动员-小动物的假期,狗狗",813731,C,,"{""C"": 2.5}","{""LF_NOISE"": {""vote"": null, ""hits"": []}, ""LF_GAME"": {""vote"": null, ""hits"": []}, ""LF_BRAND"": {""vote"": null, ""hits"": []}, ""LF_HW"": {""vote"": null, ""hits"": []}, ""LF_PET"": {""vote"": null, ""hits"": [""狗"", ""汪"", ""狗狗""]}, ""LF_SMART"": {""vote"": null, ""hits"": []}, ""LF_SUPPLY"": {""vote"": null, ""hits"": []}, ""LF_HEALTH"": {""vote"": null, ""hits"": []}, ""LF_A_BRAND_HW"": {""vote"": null, ""hits"": []}, ""LF_A_PET_HW_SMART"": {""vote"": null, ""hits"": []}, ""LF_B_PET_HW_PLAIN"": {""vote"": null, ""hits"": []}, ""LF_C_PET_ONLY"": {""vote"": ""C"", ""hits"": [""狗"", ""汪"", ""狗狗""]}}",C,养护科普,,0.9,,狗狗声音科普,0.1,C,,
随机(度量用),178,积攒下来的猫毛不要扔,"羊毛毡,喵星人,戳戳乐,创意,猫咪,手工,原创,猫毛毡,有手就行,DIY",15996,C,,"{""C"": 2.5}","{""LF_NOISE"": {""vote"": null, ""hits"": []}, ""LF_GAME"": {""vote"": null, ""hits"": []}, ""LF_BRAND"": {""vote"": null, ""hits"": []}, ""LF_HW"": {""vote"": null, ""hits"": []}, ""LF_PET"": {""vote"": null, ""hits"": [""猫"", ""喵"", ""猫咪""]}, ""LF_SMART"": {""vote"": null, ""hits"": []}, ""LF_SUPPLY"": {""vote"": null, ""hits"": []}, ""LF_HEALTH"": {""vote"": null, ""hits"": []}, ""LF_A_BRAND_HW"": {""vote"": null, ""hits"": []}, ""LF_A_PET_HW_SMART"": {""vote"": null, ""hits"": []}, ""LF_B_PET_HW_PLAIN"": {""vote"": null, ""hits"": []}, ""LF_C_PET_ONLY"": {""vote"": ""C"", ""hits"": [""猫"", ""喵"", ""猫咪""]}}",C,日常vlog,,1,1,猫毛手工DIY，非硬件,0,B,C,
随机(度量用),179,小猫咪冰天雪地里瞪着脚疯狂喝水，这是经历了什么呀？结局很完美,"橘猫,流浪猫,感动,喵星人,小猫咪,田园猫,喝水,冰天雪地,治愈,开心",132746,C,,"{""C"": 2.5}","{""LF_NOISE"": {""vote"": null, ""hits"": []}, ""LF_GAME"": {""vote"": null, ""hits"": []}, ""LF_BRAND"": {""vote"": null, ""hits"": []}, ""LF_HW"": {""vote"": null, ""hits"": []}, ""LF_PET"": {""vote"": null, ""hits"": [""猫"", ""喵"", ""小猫"", ""猫咪"", ""橘猫"", ""田园猫""]}, ""LF_SMART"": {""vote"": null, ""hits"": []}, ""LF_SUPPLY"": {""vote"": null, ""hits"": []}, ""LF_HEALTH"": {""vote"": null, ""hits"": []}, ""LF_A_BRAND_HW"": {""vote"": null, ""hits"": []}, ""LF_A_PET_HW_SMART"": {""vote"": null, ""hits"": []}, ""LF_B_PET_HW_PLAIN"": {""vote"": null, ""hits"": []}, ""LF_C_PET_ONLY"": {""vote"": ""C"", ""hits"": [""猫"", ""喵"", ""小猫"", ""猫咪""]}}",C,日常vlog,,0.8,,流浪猫喝水治愈视频,0.2,C,,
随机(度量用),180,监控摄像头拍下蚂蚁产卵的有趣瞬间,"工匠收获蚁,爬宠,蚂蚁,萌宠,宠物",4118,C,,"{""B"": 1.1, ""C"": 1.5}","{""LF_NOISE"": {""vote"": null, ""hits"": []}, ""LF_GAME"": {""vote"": null, ""hits"": []}, ""LF_BRAND"": {""vote"": null, ""hits"": []}, ""LF_HW"": {""vote"": null, ""hits"": [""摄像头"", ""监控""]}, ""LF_PET"": {""vote"": null, ""hits"": [""宠物"", ""爬宠""]}, ""LF_SMART"": {""vote"": null, ""hits"": []}, ""LF_SUPPLY"": {""vote"": null, ""hits"": []}, ""LF_HEALTH"": {""vote"": null, ""hits"": []}, ""LF_A_BRAND_HW"": {""vote"": null, ""hits"": []}, ""LF_A_PET_HW_SMART"": {""vote"": null, ""hits"": []}, ""LF_B_PET_HW_PLAIN"": {""vote"": ""B"", ""hits"": [""摄像头"", ""监控""]}, ""LF_C_PET_ONLY"": {""vote"": null, ""hits"": []}}",C,日常vlog,,0.85,,蚂蚁产卵观察，非硬件,0.4231,C,,
随机(度量用),181,小米澎程，终于提车了！,"澎程N90探索版,新车提车,堂主,小米汽车,小米",134659,N,,"{""N"": 1.5}","{""LF_NOISE"": {""vote"": null, ""hits"": []}, ""LF_GAME"": {""vote"": null, ""hits"": []}, ""LF_BRAND"": {""vote"": null, ""hits"": []}, ""LF_HW"": {""vote"": null, ""hits"": []}, ""LF_PET"": {""vote"": null, ""hits"": []}, ""LF_SMART"": {""vote"": null, ""hits"": []}, ""LF_SUPPLY"": {""vote"": null, ""hits"": []}, ""LF_HEALTH"": {""vote"": null, ""hits"": []}, ""LF_A_BRAND_HW"": {""vote"": null, ""hits"": []}, ""LF_A_PET_HW_SMART"": {""vote"": null, ""hits"": []}, ""LF_B_PET_HW_PLAIN"": {""vote"": null, ""hits"": []}, ""LF_C_PET_ONLY"": {""vote"": null, ""hits"": []}}",N,非宠物,,0.95,,小米汽车提车，非宠物,0.05,N,,
随机(度量用),182,灯笼小妖史诗级加强，兔萝萝化身直升机,"蛋仔奇思妙想计划,蛋仔派队,必剪创作,游戏日常",1112,N,,"{""N"": 1.5}","{""LF_NOISE"": {""vote"": null, ""hits"": []}, ""LF_GAME"": {""vote"": null, ""hits"": []}, ""LF_BRAND"": {""vote"": null, ""hits"": []}, ""LF_HW"": {""vote"": null, ""hits"": []}, ""LF_PET"": {""vote"": null, ""hits"": []}, ""LF_SMART"": {""vote"": null, ""hits"": []}, ""LF_SUPPLY"": {""vote"": null, ""hits"": []}, ""LF_HEALTH"": {""vote"": null, ""hits"": []}, ""LF_A_BRAND_HW"": {""vote"": null, ""hits"": []}, ""LF_A_PET_HW_SMART"": {""vote"": null, ""hits"": []}, ""LF_B_PET_HW_PLAIN"": {""vote"": null, ""hits"": []}, ""LF_C_PET_ONLY"": {""vote"": null, ""hits"": []}}",N,非宠物,,0.95,,蛋仔派对游戏内容,0.05,N,,
随机(度量用),183,【闭眼入】2026年最新骑行记录仪盘点：避坑指南｜爱国者、神眸、黑猫日记｜防抖、夜视、GPS定位、防碰瓷干货,"记录仪实测,摩旅攻略,通勤自行车,骑行记录仪,骑行装备,骑行日常,防碰瓷,海康威视,电子设备,运动相机",31357,N,,"{""C"": 1.0, ""N"": 1.5}","{""LF_NOISE"": {""vote"": null, ""hits"": []}, ""LF_GAME"": {""vote"": null, ""hits"": []}, ""LF_BRAND"": {""vote"": null, ""hits"": []}, ""LF_HW"": {""vote"": null, ""hits"": []}, ""LF_PET"": {""vote"": null, ""hits"": [""猫""]}, ""LF_SMART"": {""vote"": null, ""hits"": []}, ""LF_SUPPLY"": {""vote"": null, ""hits"": []}, ""LF_HEALTH"": {""vote"": null, ""hits"": []}, ""LF_A_BRAND_HW"": {""vote"": null, ""hits"": []}, ""LF_A_PET_HW_SMART"": {""vote"": null, ""hits"": []}, ""LF_B_PET_HW_PLAIN"": {""vote"": null, ""hits"": []}, ""LF_C_PET_ONLY"": {""vote"": ""C"", ""hits"": [""猫""]}}",N,非宠物,,0.95,,骑行记录仪，非宠物,0.4,N,,
随机(度量用),184,绝对少找的创新！狗拉雪橇？有点疯癫！机器狗拉着猫窝啊！幸福小猫和小兔一起智能驾驶人工智能无人车 轧马路 ！,"猫,兔兔,不干人事,智驾,宠物店,智能驾驶,机器狗,无人车,遛狗,侏儒兔",368,N,,"{""A"": 1.3, ""N"": 1.5}","{""LF_NOISE"": {""vote"": null, ""hits"": []}, ""LF_GAME"": {""vote"": null, ""hits"": []}, ""LF_BRAND"": {""vote"": null, ""hits"": []}, ""LF_HW"": {""vote"": null, ""hits"": [""猫窝""]}, ""LF_PET"": {""vote"": null, ""hits"": [""猫"", ""狗"", ""宠物"", ""小猫""]}, ""LF_SMART"": {""vote"": null, ""hits"": [""智能""]}, ""LF_SUPPLY"": {""vote"": null, ""hits"": []}, ""LF_HEALTH"": {""vote"": null, ""hits"": []}, ""LF_A_BRAND_HW"": {""vote"": null, ""hits"": []}, ""LF_A_PET_HW_SMART"": {""vote"": ""A"", ""hits"": [""智能""]}, ""LF_B_PET_HW_PLAIN"": {""vote"": null, ""hits"": []}, ""LF_C_PET_ONLY"": {""vote"": null, ""hits"": []}}",N,非宠物,,0.8,,机器狗拉猫窝，非宠物智能硬件,0.4643,C,,算养猫日常吧
随机(度量用),185,8款手机桌宠好用又刺激！直接在手机上养一堆祖宗是什么体验？,"科技猎手,推荐,体验,桌面老婆,手机,领养,手机桌宠,美化,软件,桌面宠物",1533747,N,,"{""C"": 1.0, ""N"": 1.5}","{""LF_NOISE"": {""vote"": null, ""hits"": []}, ""LF_GAME"": {""vote"": null, ""hits"": []}, ""LF_BRAND"": {""vote"": null, ""hits"": []}, ""LF_HW"": {""vote"": null, ""hits"": []}, ""LF_PET"": {""vote"": null, ""hits"": [""宠物""]}, ""LF_SMART"": {""vote"": null, ""hits"": []}, ""LF_SUPPLY"": {""vote"": null, ""hits"": []}, ""LF_HEALTH"": {""vote"": null, ""hits"": []}, ""LF_A_BRAND_HW"": {""vote"": null, ""hits"": []}, ""LF_A_PET_HW_SMART"": {""vote"": null, ""hits"": []}, ""LF_B_PET_HW_PLAIN"": {""vote"": null, ""hits"": []}, ""LF_C_PET_ONLY"": {""vote"": ""C"", ""hits"": [""宠物""]}}",N,非宠物,,0.95,,手机桌宠软件，非真实宠物,0.4,C,N,
随机(度量用),186,千金回来后，用尽手段排挤我。她自己扇自己耳光，说是被我打的。她故意从楼梯上摔下来，说是我推她的。她捂死了她的宠物猫，说是我做可不知道的是，家里到处都是摄像头。,"真假千金,小说推荐,小说,推文,爽文",21400,N,,"{""B"": 1.1, ""N"": 1.5}","{""LF_NOISE"": {""vote"": null, ""hits"": []}, ""LF_GAME"": {""vote"": null, ""hits"": []}, ""LF_BRAND"": {""vote"": null, ""hits"": []}, ""LF_HW"": {""vote"": null, ""hits"": [""摄像头""]}, ""LF_PET"": {""vote"": null, ""hits"": [""猫"", ""宠物""]}, ""LF_SMART"": {""vote"": null, ""hits"": []}, ""LF_SUPPLY"": {""vote"": null, ""hits"": []}, ""LF_HEALTH"": {""vote"": null, ""hits"": []}, ""LF_A_BRAND_HW"": {""vote"": null, ""hits"": []}, ""LF_A_PET_HW_SMART"": {""vote"": null, ""hits"": []}, ""LF_B_PET_HW_PLAIN"": {""vote"": ""B"", ""hits"": [""摄像头""]}, ""LF_C_PET_ONLY"": {""vote"": null, ""hits"": []}}",N,非宠物,,0.95,,小说推文，宠物猫仅情节,0.4231,N,,
随机(度量用),187,小米17 Pro背屏能养宠物了？新升级太会玩了,"小米 17 Pro,小米17 Pro Max,小米17Pro系列,小米 17 Pro Max,小米17 Pro",33501,N,,"{""C"": 1.0, ""N"": 1.5}","{""LF_NOISE"": {""vote"": null, ""hits"": []}, ""LF_GAME"": {""vote"": null, ""hits"": []}, ""LF_BRAND"": {""vote"": null, ""hits"": []}, ""LF_HW"": {""vote"": null, ""hits"": []}, ""LF_PET"": {""vote"": null, ""hits"": [""宠物"", ""养宠""]}, ""LF_SMART"": {""vote"": null, ""hits"": []}, ""LF_SUPPLY"": {""vote"": null, ""hits"": []}, ""LF_HEALTH"": {""vote"": null, ""hits"": []}, ""LF_A_BRAND_HW"": {""vote"": null, ""hits"": []}, ""LF_A_PET_HW_SMART"": {""vote"": null, ""hits"": []}, ""LF_B_PET_HW_PLAIN"": {""vote"": null, ""hits"": []}, ""LF_C_PET_ONLY"": {""vote"": ""C"", ""hits"": [""宠物"", ""养宠""]}}",N,非宠物,,1,,手机背屏电子宠物，非实体宠物硬件,0.4,N,,
随机(度量用),188,【洛克王国世界】麦田样子护主犬的蛋在哪换？ 选什么性格？,"可可果节快洛爽抓,S4月涌狂想新赛季,洛克王国世界激励计划,音速犬,护主犬,洛克王国",27317,N,,"{""C"": 1.0, ""N"": 1.5}","{""LF_NOISE"": {""vote"": null, ""hits"": []}, ""LF_GAME"": {""vote"": null, ""hits"": []}, ""LF_BRAND"": {""vote"": null, ""hits"": []}, ""LF_HW"": {""vote"": null, ""hits"": []}, ""LF_PET"": {""vote"": null, ""hits"": [""犬""]}, ""LF_SMART"": {""vote"": null, ""hits"": []}, ""LF_SUPPLY"": {""vote"": null, ""hits"": []}, ""LF_HEALTH"": {""vote"": null, ""hits"": []}, ""LF_A_BRAND_HW"": {""vote"": null, ""hits"": []}, ""LF_A_PET_HW_SMART"": {""vote"": null, ""hits"": []}, ""LF_B_PET_HW_PLAIN"": {""vote"": null, ""hits"": []}, ""LF_C_PET_ONLY"": {""vote"": ""C"", ""hits"": [""犬""]}}",N,非宠物,,0.95,,洛克王国游戏内容,0.4,N,,
随机(度量用),189,有摄像头的宠物机就能用来拍照吗？角落生物第四代宠物机告诉你答案！,"宠物机,角落生物",21697,N,,"{""B"": 1.1, ""N"": 1.5}","{""LF_NOISE"": {""vote"": null, ""hits"": []}, ""LF_GAME"": {""vote"": null, ""hits"": []}, ""LF_BRAND"": {""vote"": null, ""hits"": []}, ""LF_HW"": {""vote"": null, ""hits"": [""摄像头""]}, ""LF_PET"": {""vote"": null, ""hits"": [""宠物""]}, ""LF_SMART"": {""vote"": null, ""hits"": []}, ""LF_SUPPLY"": {""vote"": null, ""hits"": []}, ""LF_HEALTH"": {""vote"": null, ""hits"": []}, ""LF_A_BRAND_HW"": {""vote"": null, ""hits"": []}, ""LF_A_PET_HW_SMART"": {""vote"": null, ""hits"": []}, ""LF_B_PET_HW_PLAIN"": {""vote"": ""B"", ""hits"": [""摄像头""]}, ""LF_C_PET_ONLY"": {""vote"": null, ""hits"": []}}",N,非硬件选购,,0.5,0.5,角落生物电子宠物机，非宠物硬件,0.5,N,,
随机(度量用),190,宠物离开后第一次在手机上找回遛狗的感觉，还特意把手机壁纸改成小路#宠物去世 #ai宠物 #宠物纪念 #空鱼桌面宠物,"黑科技,手机,感觉",151,N,,"{""C"": 1.0, ""N"": 1.5}","{""LF_NOISE"": {""vote"": null, ""hits"": []}, ""LF_GAME"": {""vote"": null, ""hits"": []}, ""LF_BRAND"": {""vote"": null, ""hits"": []}, ""LF_HW"": {""vote"": null, ""hits"": []}, ""LF_PET"": {""vote"": null, ""hits"": [""狗"", ""宠物""]}, ""LF_SMART"": {""vote"": null, ""hits"": []}, ""LF_SUPPLY"": {""vote"": null, ""hits"": []}, ""LF_HEALTH"": {""vote"": null, ""hits"": []}, ""LF_A_BRAND_HW"": {""vote"": null, ""hits"": []}, ""LF_A_PET_HW_SMART"": {""vote"": null, ""hits"": []}, ""LF_B_PET_HW_PLAIN"": {""vote"": null, ""hits"": []}, ""LF_C_PET_ONLY"": {""vote"": ""C"", ""hits"": [""狗"", ""宠物""]}}",N,日常vlog,,0.75,0.75,AI宠物纪念，用户情感语境,0.4,N,C,
随机(度量用),191,鹦鹉也拆家,"家园,搞笑,动作游戏",80457,N,,"{""C"": 1.0, ""N"": 1.5}","{""LF_NOISE"": {""vote"": null, ""hits"": []}, ""LF_GAME"": {""vote"": null, ""hits"": []}, ""LF_BRAND"": {""vote"": null, ""hits"": []}, ""LF_HW"": {""vote"": null, ""hits"": []}, ""LF_PET"": {""vote"": null, ""hits"": [""鹦鹉""]}, ""LF_SMART"": {""vote"": null, ""hits"": []}, ""LF_SUPPLY"": {""vote"": null, ""hits"": []}, ""LF_HEALTH"": {""vote"": null, ""hits"": []}, ""LF_A_BRAND_HW"": {""vote"": null, ""hits"": []}, ""LF_A_PET_HW_SMART"": {""vote"": null, ""hits"": []}, ""LF_B_PET_HW_PLAIN"": {""vote"": null, ""hits"": []}, ""LF_C_PET_ONLY"": {""vote"": ""C"", ""hits"": [""鹦鹉""]}}",N,非宠物,,1,1,标签为游戏，鹦鹉拆家疑为游戏内容,0.4,N,C,
随机(度量用),192,Vlog🇯🇵. 东京上班族的一天 健康规律充实的日本上班生活,"生活记录,东京,日本,寻找100个宝藏vlogger,Vlog,规律,下班,记录,工作,上班族",177,N,,"{""N"": 1.5}","{""LF_NOISE"": {""vote"": null, ""hits"": []}, ""LF_GAME"": {""vote"": null, ""hits"": []}, ""LF_BRAND"": {""vote"": null, ""hits"": []}, ""LF_HW"": {""vote"": null, ""hits"": []}, ""LF_PET"": {""vote"": null, ""hits"": []}, ""LF_SMART"": {""vote"": null, ""hits"": []}, ""LF_SUPPLY"": {""vote"": null, ""hits"": []}, ""LF_HEALTH"": {""vote"": null, ""hits"": []}, ""LF_A_BRAND_HW"": {""vote"": null, ""hits"": []}, ""LF_A_PET_HW_SMART"": {""vote"": null, ""hits"": []}, ""LF_B_PET_HW_PLAIN"": {""vote"": null, ""hits"": []}, ""LF_C_PET_ONLY"": {""vote"": null, ""hits"": []}}",N,非宠物,,0.95,,东京上班族vlog，与宠物无关,0.05,N,,
随机(度量用),193,EP#5 CATIA实践之 power copy 加强版（下）,CATIA,124,N,,"{""N"": 1.5}","{""LF_NOISE"": {""vote"": null, ""hits"": []}, ""LF_GAME"": {""vote"": null, ""hits"": []}, ""LF_BRAND"": {""vote"": null, ""hits"": []}, ""LF_HW"": {""vote"": null, ""hits"": []}, ""LF_PET"": {""vote"": null, ""hits"": []}, ""LF_SMART"": {""vote"": null, ""hits"": []}, ""LF_SUPPLY"": {""vote"": null, ""hits"": []}, ""LF_HEALTH"": {""vote"": null, ""hits"": []}, ""LF_A_BRAND_HW"": {""vote"": null, ""hits"": []}, ""LF_A_PET_HW_SMART"": {""vote"": null, ""hits"": []}, ""LF_B_PET_HW_PLAIN"": {""vote"": null, ""hits"": []}, ""LF_C_PET_ONLY"": {""vote"": null, ""hits"": []}}",N,非宠物,,0.95,,CATIA软件教程,0.05,N,,
随机(度量用),194,一个说吃我的，一个也说吃我的，小人类最后差点被宠撑了,"兽世,女频,团宠,原创动画,二次元",647,N,,"{""N"": 1.5}","{""LF_NOISE"": {""vote"": null, ""hits"": []}, ""LF_GAME"": {""vote"": null, ""hits"": []}, ""LF_BRAND"": {""vote"": null, ""hits"": []}, ""LF_HW"": {""vote"": null, ""hits"": []}, ""LF_PET"": {""vote"": null, ""hits"": []}, ""LF_SMART"": {""vote"": null, ""hits"": []}, ""LF_SUPPLY"": {""vote"": null, ""hits"": []}, ""LF_HEALTH"": {""vote"": null, ""hits"": []}, ""LF_A_BRAND_HW"": {""vote"": null, ""hits"": []}, ""LF_A_PET_HW_SMART"": {""vote"": null, ""hits"": []}, ""LF_B_PET_HW_PLAIN"": {""vote"": null, ""hits"": []}, ""LF_C_PET_ONLY"": {""vote"": null, ""hits"": []}}",N,非宠物,,0.9,,原创动画，非真实宠物,0.1,N,,
随机(度量用),195,曼波哈基米AI智能桌面宠物电子狗STM32【腾哥第十代】完整版制作及编程教程（2025年9月13日后发货）,"机器人来了,曼波,豆包,DIY,哈基米,AI,stm32,电子狗,完整版,桌面宠物",233536,N,,"{""C"": 1.0, ""N"": 1.5}","{""LF_NOISE"": {""vote"": null, ""hits"": []}, ""LF_GAME"": {""vote"": null, ""hits"": []}, ""LF_BRAND"": {""vote"": null, ""hits"": []}, ""LF_HW"": {""vote"": null, ""hits"": []}, ""LF_PET"": {""vote"": null, ""hits"": [""狗"", ""宠物""]}, ""LF_SMART"": {""vote"": null, ""hits"": [""智能""]}, ""LF_SUPPLY"": {""vote"": null, ""hits"": []}, ""LF_HEALTH"": {""vote"": null, ""hits"": []}, ""LF_A_BRAND_HW"": {""vote"": null, ""hits"": []}, ""LF_A_PET_HW_SMART"": {""vote"": null, ""hits"": []}, ""LF_B_PET_HW_PLAIN"": {""vote"": null, ""hits"": []}, ""LF_C_PET_ONLY"": {""vote"": ""C"", ""hits"": [""狗"", ""宠物""]}}",N,硬件DIY,其他硬件,0.75,0.75,DIY智能桌面宠物电子狗,0.4,N,,
随机(度量用),196,节假日高效大扫除vlog｜整理地下室｜影音室,"vlog,日常,生活,TCLQ10Mpro,SQD-MiniLED,租房日记,TCL电视,打扫,大扫除,地下室",32485,N,,"{""N"": 1.5}","{""LF_NOISE"": {""vote"": null, ""hits"": []}, ""LF_GAME"": {""vote"": null, ""hits"": []}, ""LF_BRAND"": {""vote"": null, ""hits"": []}, ""LF_HW"": {""vote"": null, ""hits"": []}, ""LF_PET"": {""vote"": null, ""hits"": []}, ""LF_SMART"": {""vote"": null, ""hits"": []}, ""LF_SUPPLY"": {""vote"": null, ""hits"": []}, ""LF_HEALTH"": {""vote"": null, ""hits"": []}, ""LF_A_BRAND_HW"": {""vote"": null, ""hits"": []}, ""LF_A_PET_HW_SMART"": {""vote"": null, ""hits"": []}, ""LF_B_PET_HW_PLAIN"": {""vote"": null, ""hits"": []}, ""LF_C_PET_ONLY"": {""vote"": null, ""hits"": []}}",N,非宠物,,0.95,,大扫除vlog，与宠物无关,0.05,N,,
随机(度量用),197,小米17promax-养宠物,"小米10,小米手机,宠物",224,N,,"{""C"": 1.0, ""N"": 1.5}","{""LF_NOISE"": {""vote"": null, ""hits"": []}, ""LF_GAME"": {""vote"": null, ""hits"": []}, ""LF_BRAND"": {""vote"": null, ""hits"": []}, ""LF_HW"": {""vote"": null, ""hits"": []}, ""LF_PET"": {""vote"": null, ""hits"": [""宠物"", ""养宠""]}, ""LF_SMART"": {""vote"": null, ""hits"": []}, ""LF_SUPPLY"": {""vote"": null, ""hits"": []}, ""LF_HEALTH"": {""vote"": null, ""hits"": []}, ""LF_A_BRAND_HW"": {""vote"": null, ""hits"": []}, ""LF_A_PET_HW_SMART"": {""vote"": null, ""hits"": []}, ""LF_B_PET_HW_PLAIN"": {""vote"": null, ""hits"": []}, ""LF_C_PET_ONLY"": {""vote"": ""C"", ""hits"": [""宠物"", ""养宠""]}}",N,非宠物,,0.85,,手机养宠物游戏非硬件,0.4,N,,
随机(度量用),198,击败新怪物苏织才能撤离？,"蛋仔惊魂寻宝队,蛋仔派对发起人,蛋仔派对攻略,eggy爱挤,蛋仔派对",225862,N,,"{""N"": 1.5}","{""LF_NOISE"": {""vote"": null, ""hits"": []}, ""LF_GAME"": {""vote"": null, ""hits"": []}, ""LF_BRAND"": {""vote"": null, ""hits"": []}, ""LF_HW"": {""vote"": null, ""hits"": []}, ""LF_PET"": {""vote"": null, ""hits"": []}, ""LF_SMART"": {""vote"": null, ""hits"": []}, ""LF_SUPPLY"": {""vote"": null, ""hits"": []}, ""LF_HEALTH"": {""vote"": null, ""hits"": []}, ""LF_A_BRAND_HW"": {""vote"": null, ""hits"": []}, ""LF_A_PET_HW_SMART"": {""vote"": null, ""hits"": []}, ""LF_B_PET_HW_PLAIN"": {""vote"": null, ""hits"": []}, ""LF_C_PET_ONLY"": {""vote"": null, ""hits"": []}}",N,非宠物,,0.95,,游戏内容，非宠物,0.05,N,,
随机(度量用),199,Bitzee水族馆——多功能电子宠物,"创意,水族馆,可爱,Bitzee,电子宠物",15226,N,,"{""C"": 1.0, ""N"": 1.5}","{""LF_NOISE"": {""vote"": null, ""hits"": []}, ""LF_GAME"": {""vote"": null, ""hits"": []}, ""LF_BRAND"": {""vote"": null, ""hits"": []}, ""LF_HW"": {""vote"": null, ""hits"": []}, ""LF_PET"": {""vote"": null, ""hits"": [""宠物"", ""水族""]}, ""LF_SMART"": {""vote"": null, ""hits"": []}, ""LF_SUPPLY"": {""vote"": null, ""hits"": []}, ""LF_HEALTH"": {""vote"": null, ""hits"": []}, ""LF_A_BRAND_HW"": {""vote"": null, ""hits"": []}, ""LF_A_PET_HW_SMART"": {""vote"": null, ""hits"": []}, ""LF_B_PET_HW_PLAIN"": {""vote"": null, ""hits"": []}, ""LF_C_PET_ONLY"": {""vote"": ""C"", ""hits"": [""宠物"", ""水族""]}}",N,非宠物,,0.8,,电子宠物玩具，非真实宠物,0.4,N,,
随机(度量用),200,猫狗已经养腻了！吊人花800买机器人取代它们，结果傻眼了，真实！,"田园犬,狗狗,vlog,宠物,机器人,吃货,鸽子,顽皮主子你醒醒,猫咪,人工智能,搞笑",308112,N,,"{""C"": 1.0, ""N"": 1.5}","{""LF_NOISE"": {""vote"": null, ""hits"": []}, ""LF_GAME"": {""vote"": null, ""hits"": []}, ""LF_BRAND"": {""vote"": null, ""hits"": []}, ""LF_HW"": {""vote"": null, ""hits"": []}, ""LF_PET"": {""vote"": null, ""hits"": [""猫"", ""狗"", ""宠物"", ""主子"", ""犬"", ""猫咪""]}, ""LF_SMART"": {""vote"": null, ""hits"": [""智能""]}, ""LF_SUPPLY"": {""vote"": null, ""hits"": []}, ""LF_HEALTH"": {""vote"": null, ""hits"": []}, ""LF_A_BRAND_HW"": {""vote"": null, ""hits"": []}, ""LF_A_PET_HW_SMART"": {""vote"": null, ""hits"": []}, ""LF_B_PET_HW_PLAIN"": {""vote"": null, ""hits"": []}, ""LF_C_PET_ONLY"": {""vote"": ""C"", ""hits"": [""猫"", ""狗"", ""宠物"", ""主子""]}}",N,非宠物,,1,1,机器人取代宠物，非宠物硬件,0.4,N,,
主动(改进用),1,【论文养猫1】全网最专业猫癣治疗指南！无需去医院，超低费用绝对有效！,"养猫,伊曲康唑,论文养猫,猫癣,猫瘟,动物总动员-小动物的假期,癣,动物总动员,石硫合剂,多猫家庭,猫传腹",645845,C,,"{""C"": 1.9, ""B"": 1.5}","{""LF_NOISE"": {""vote"": null, ""hits"": []}, ""LF_GAME"": {""vote"": null, ""hits"": []}, ""LF_BRAND"": {""vote"": null, ""hits"": []}, ""LF_HW"": {""vote"": null, ""hits"": []}, ""LF_PET"": {""vote"": null, ""hits"": [""猫""]}, ""LF_SMART"": {""vote"": null, ""hits"": []}, ""LF_SUPPLY"": {""vote"": null, ""hits"": []}, ""LF_HEALTH"": {""vote"": ""C"", ""hits"": [""猫癣"", ""医院"", ""治疗""]}, ""LF_A_BRAND_HW"": {""vote"": null, ""hits"": []}, ""LF_A_PET_HW_SMART"": {""vote"": null, ""hits"": []}, ""LF_B_PET_HW_PLAIN"": {""vote"": null, ""hits"": []}, ""LF_C_PET_ONLY"": {""vote"": ""C"", ""hits"": [""猫""]}}",B,健康医疗,,0.95,,猫癣治疗指南,0.85,C,,
主动(改进用),2,奶猫第一次用电动猫砂盆，猫砂盆突然动了，奶猫反应太逗了,"生活记录,小奶猫,毛茸茸的夏天,宠物",50489,B,,"{""B"": 2.0, ""C"": 1.5}","{""LF_NOISE"": {""vote"": null, ""hits"": []}, ""LF_GAME"": {""vote"": null, ""hits"": []}, ""LF_BRAND"": {""vote"": null, ""hits"": []}, ""LF_HW"": {""vote"": null, ""hits"": [""猫砂盆""]}, ""LF_PET"": {""vote"": null, ""hits"": [""猫"", ""宠物""]}, ""LF_SMART"": {""vote"": null, ""hits"": []}, ""LF_SUPPLY"": {""vote"": ""B"", ""hits"": [""猫砂""]}, ""LF_HEALTH"": {""vote"": null, ""hits"": []}, ""LF_A_BRAND_HW"": {""vote"": null, ""hits"": []}, ""LF_A_PET_HW_SMART"": {""vote"": null, ""hits"": []}, ""LF_B_PET_HW_PLAIN"": {""vote"": ""B"", ""hits"": [""猫砂盆""]}, ""LF_C_PET_ONLY"": {""vote"": null, ""hits"": []}}",C,日常vlog,,0.8,,奶猫用电动猫砂盆反应,0.85,C,,日常记录
主动(改进用),3,猫杯状全网最全讲解！,"猫咪杯状病毒,新手养猫,猫咪驱虫,科学养猫,养猫日常,猫猫,喵星人",2251,C,,"{""C"": 1.9, ""B"": 1.5}","{""LF_NOISE"": {""vote"": null, ""hits"": []}, ""LF_GAME"": {""vote"": null, ""hits"": []}, ""LF_BRAND"": {""vote"": null, ""hits"": []}, ""LF_HW"": {""vote"": null, ""hits"": []}, ""LF_PET"": {""vote"": null, ""hits"": [""猫"", ""喵"", ""猫咪""]}, ""LF_SMART"": {""vote"": null, ""hits"": []}, ""LF_SUPPLY"": {""vote"": null, ""hits"": []}, ""LF_HEALTH"": {""vote"": ""C"", ""hits"": [""驱虫""]}, ""LF_A_BRAND_HW"": {""vote"": null, ""hits"": []}, ""LF_A_PET_HW_SMART"": {""vote"": null, ""hits"": []}, ""LF_B_PET_HW_PLAIN"": {""vote"": null, ""hits"": []}, ""LF_C_PET_ONLY"": {""vote"": ""C"", ""hits"": [""猫"", ""喵"", ""猫咪""]}}",B,健康医疗,,0.95,,猫杯状病毒讲解,0.85,C,,
主动(改进用),4,0元自制猫咪喂粮器,"猫粮,流浪小院,养猫,直播录像,猫咪,关爱流浪们动物,家园,旧物改造",9405,B,,"{""B"": 2.0, ""A"": 1.5}","{""LF_NOISE"": {""vote"": null, ""hits"": []}, ""LF_GAME"": {""vote"": null, ""hits"": []}, ""LF_BRAND"": {""vote"": null, ""hits"": []}, ""LF_HW"": {""vote"": null, ""hits"": [""喂粮器""]}, ""LF_PET"": {""vote"": null, ""hits"": [""猫"", ""猫咪""]}, ""LF_SMART"": {""vote"": null, ""hits"": []}, ""LF_SUPPLY"": {""vote"": ""B"", ""hits"": [""猫粮""]}, ""LF_HEALTH"": {""vote"": null, ""hits"": []}, ""LF_A_BRAND_HW"": {""vote"": null, ""hits"": []}, ""LF_A_PET_HW_SMART"": {""vote"": null, ""hits"": []}, ""LF_B_PET_HW_PLAIN"": {""vote"": ""B"", ""hits"": [""喂粮器""]}, ""LF_C_PET_ONLY"": {""vote"": null, ""hits"": []}}",A,硬件DIY,喂食器,0.8,,0元自制猫咪喂粮器,0.85,A,,
主动(改进用),5,我承认，看病看多了，自己有时候也很难控制情绪，也会有说话不当的地方，这个视频不是为了批判任何人，只是想表达现在的医患关系。真的很想给自己放个长假了#修猫修狗 #,"狗狗,猫咪,乡村兽医,修猫修狗,兽医日常,宠物医疗,宠物医生,宠物医院,医患关系,宠物",131785,C,,"{""C"": 1.9, ""B"": 1.5}","{""LF_NOISE"": {""vote"": null, ""hits"": []}, ""LF_GAME"": {""vote"": null, ""hits"": []}, ""LF_BRAND"": {""vote"": null, ""hits"": []}, ""LF_HW"": {""vote"": null, ""hits"": []}, ""LF_PET"": {""vote"": null, ""hits"": [""猫"", ""狗"", ""宠物"", ""猫咪"", ""狗狗""]}, ""LF_SMART"": {""vote"": null, ""hits"": []}, ""LF_SUPPLY"": {""vote"": null, ""hits"": []}, ""LF_HEALTH"": {""vote"": ""C"", ""hits"": [""医院""]}, ""LF_A_BRAND_HW"": {""vote"": null, ""hits"": []}, ""LF_A_PET_HW_SMART"": {""vote"": null, ""hits"": []}, ""LF_B_PET_HW_PLAIN"": {""vote"": null, ""hits"": []}, ""LF_C_PET_ONLY"": {""vote"": ""C"", ""hits"": [""猫"", ""狗"", ""宠物"", ""猫咪""]}}",B,健康医疗,,0.85,,兽医医患关系属健康医疗,0.85,C,,
主动(改进用),6,公猫尿闭 尿频 尿不出来 公猫尿道造口,"橘猫,母猫,小奶猫,绝育,手术,喵星人",95717,C,,"{""C"": 1.9, ""B"": 1.5}","{""LF_NOISE"": {""vote"": null, ""hits"": []}, ""LF_GAME"": {""vote"": null, ""hits"": []}, ""LF_BRAND"": {""vote"": null, ""hits"": []}, ""LF_HW"": {""vote"": null, ""hits"": []}, ""LF_PET"": {""vote"": null, ""hits"": [""猫"", ""喵"", ""橘猫""]}, ""LF_SMART"": {""vote"": null, ""hits"": []}, ""LF_SUPPLY"": {""vote"": null, ""hits"": []}, ""LF_HEALTH"": {""vote"": ""C"", ""hits"": [""绝育"", ""尿闭""]}, ""LF_A_BRAND_HW"": {""vote"": null, ""hits"": []}, ""LF_A_PET_HW_SMART"": {""vote"": null, ""hits"": []}, ""LF_B_PET_HW_PLAIN"": {""vote"": null, ""hits"": []}, ""LF_C_PET_ONLY"": {""vote"": ""C"", ""hits"": [""猫"", ""喵"", ""橘猫""]}}",B,健康医疗,,0.9,,公猫尿闭疾病，影响养宠决策,0.85,C,,
主动(改进用),7,不铲屎也不臭的猫砂盆怎么做到的？全是科技与狠活！,"喵星人,动物观察局,改造,猫,银渐层,动物观察局·小动物治愈馆,英短,可爱",221225,B,,"{""B"": 2.0, ""A"": 1.5}","{""LF_NOISE"": {""vote"": null, ""hits"": []}, ""LF_GAME"": {""vote"": null, ""hits"": []}, ""LF_BRAND"": {""vote"": null, ""hits"": []}, ""LF_HW"": {""vote"": null, ""hits"": [""猫砂盆""]}, ""LF_PET"": {""vote"": null, ""hits"": [""猫"", ""喵"", ""铲屎"", ""银渐层"", ""英短""]}, ""LF_SMART"": {""vote"": null, ""hits"": []}, ""LF_SUPPLY"": {""vote"": ""B"", ""hits"": [""猫砂""]}, ""LF_HEALTH"": {""vote"": null, ""hits"": []}, ""LF_A_BRAND_HW"": {""vote"": null, ""hits"": []}, ""LF_A_PET_HW_SMART"": {""vote"": null, ""hits"": []}, ""LF_B_PET_HW_PLAIN"": {""vote"": ""B"", ""hits"": [""猫砂盆""]}, ""LF_C_PET_ONLY"": {""vote"": null, ""hits"": []}}",A,耗材日用,,1,1,猫砂盆除臭，未明确智能硬件,0.85,C,B,
主动(改进用),8,猫咪喜欢睡猫砂盆该怎么纠正？,"猫,猫咪,宠物,圆滚滚的动物世界,养猫,动物圈达人创作营,猫奴,铲屎官",11499,B,,"{""B"": 2.0, ""C"": 1.5}","{""LF_NOISE"": {""vote"": null, ""hits"": []}, ""LF_GAME"": {""vote"": null, ""hits"": []}, ""LF_BRAND"": {""vote"": null, ""hits"": []}, ""LF_HW"": {""vote"": null, ""hits"": [""猫砂盆""]}, ""LF_PET"": {""vote"": null, ""hits"": [""猫"", ""宠物"", ""铲屎"", ""猫咪""]}, ""LF_SMART"": {""vote"": null, ""hits"": []}, ""LF_SUPPLY"": {""vote"": ""B"", ""hits"": [""猫砂""]}, ""LF_HEALTH"": {""vote"": null, ""hits"": []}, ""LF_A_BRAND_HW"": {""vote"": null, ""hits"": []}, ""LF_A_PET_HW_SMART"": {""vote"": null, ""hits"": []}, ""LF_B_PET_HW_PLAIN"": {""vote"": ""B"", ""hits"": [""猫砂盆""]}, ""LF_C_PET_ONLY"": {""vote"": null, ""hits"": []}}",C,养护科普,,0.85,,猫咪行为纠正科普,0.85,C,,
主动(改进用),9,所以为什么刨猫砂盆呢,"喵星人,哈基米,田园猫",372,B,,"{""B"": 2.0, ""C"": 1.5}","{""LF_NOISE"": {""vote"": null, ""hits"": []}, ""LF_GAME"": {""vote"": null, ""hits"": []}, ""LF_BRAND"": {""vote"": null, ""hits"": []}, ""LF_HW"": {""vote"": null, ""hits"": [""猫砂盆""]}, ""LF_PET"": {""vote"": null, ""hits"": [""猫"", ""喵"", ""田园猫""]}, ""LF_SMART"": {""vote"": null, ""hits"": []}, ""LF_SUPPLY"": {""vote"": ""B"", ""hits"": [""猫砂""]}, ""LF_HEALTH"": {""vote"": null, ""hits"": []}, ""LF_A_BRAND_HW"": {""vote"": null, ""hits"": []}, ""LF_A_PET_HW_SMART"": {""vote"": null, ""hits"": []}, ""LF_B_PET_HW_PLAIN"": {""vote"": ""B"", ""hits"": [""猫砂盆""]}, ""LF_C_PET_ONLY"": {""vote"": null, ""hits"": []}}",C,养护科普,,0.8,,猫咪刨猫砂行为,0.85,C,,
主动(改进用),10,窝在猫砂盆里不出来了！一招搞定～,"铲屎官,萌萌哒,动物观察局,云吸猫,橘猫,猫",4296,B,,"{""B"": 2.0, ""C"": 1.5}","{""LF_NOISE"": {""vote"": null, ""hits"": []}, ""LF_GAME"": {""vote"": null, ""hits"": []}, ""LF_BRAND"": {""vote"": null, ""hits"": []}, ""LF_HW"": {""vote"": null, ""hits"": [""猫砂盆""]}, ""LF_PET"": {""vote"": null, ""hits"": [""猫"", ""铲屎"", ""橘猫""]}, ""LF_SMART"": {""vote"": null, ""hits"": []}, ""LF_SUPPLY"": {""vote"": ""B"", ""hits"": [""猫砂""]}, ""LF_HEALTH"": {""vote"": null, ""hits"": []}, ""LF_A_BRAND_HW"": {""vote"": null, ""hits"": []}, ""LF_A_PET_HW_SMART"": {""vote"": null, ""hits"": []}, ""LF_B_PET_HW_PLAIN"": {""vote"": ""B"", ""hits"": [""猫砂盆""]}, ""LF_C_PET_ONLY"": {""vote"": null, ""hits"": []}}",C,日常vlog,,0.8,,猫咪窝猫砂盆日常,0.85,C,,
主动(改进用),11,如何清理猫砂盆？看看你平时做得对吗？,喵星人,5128,B,,"{""B"": 2.0, ""C"": 1.5}","{""LF_NOISE"": {""vote"": null, ""hits"": []}, ""LF_GAME"": {""vote"": null, ""hits"": []}, ""LF_BRAND"": {""vote"": null, ""hits"": []}, ""LF_HW"": {""vote"": null, ""hits"": [""猫砂盆""]}, ""LF_PET"": {""vote"": null, ""hits"": [""猫"", ""喵""]}, ""LF_SMART"": {""vote"": null, ""hits"": []}, ""LF_SUPPLY"": {""vote"": ""B"", ""hits"": [""猫砂""]}, ""LF_HEALTH"": {""vote"": null, ""hits"": []}, ""LF_A_BRAND_HW"": {""vote"": null, ""hits"": []}, ""LF_A_PET_HW_SMART"": {""vote"": null, ""hits"": []}, ""LF_B_PET_HW_PLAIN"": {""vote"": ""B"", ""hits"": [""猫砂盆""]}, ""LF_C_PET_ONLY"": {""vote"": null, ""hits"": []}}",C,养护科普,,0.8,,猫砂盆清理教程,0.85,C,,
主动(改进用),12,肥猫专用，自制猫砂盆；收纳箱自制封闭式猫砂盆；便宜的猫砂盆#省钱#养猫#生活小妙招,"打卡挑战,萌萌哒,养宠生活图鉴,必剪创作,动物观察局·夏日新知手册,自制,手工制作,猫咪,喵星人,吸猫,铲屎官",44839,B,,"{""B"": 2.0, ""C"": 1.5}","{""LF_NOISE"": {""vote"": null, ""hits"": []}, ""LF_GAME"": {""vote"": null, ""hits"": []}, ""LF_BRAND"": {""vote"": null, ""hits"": []}, ""LF_HW"": {""vote"": null, ""hits"": [""猫砂盆""]}, ""LF_PET"": {""vote"": null, ""hits"": [""猫"", ""喵"", ""铲屎"", ""养宠"", ""猫咪""]}, ""LF_SMART"": {""vote"": null, ""hits"": []}, ""LF_SUPPLY"": {""vote"": ""B"", ""hits"": [""猫砂""]}, ""LF_HEALTH"": {""vote"": null, ""hits"": []}, ""LF_A_BRAND_HW"": {""vote"": null, ""hits"": []}, ""LF_A_PET_HW_SMART"": {""vote"": null, ""hits"": []}, ""LF_B_PET_HW_PLAIN"": {""vote"": ""B"", ""hits"": [""猫砂盆""]}, ""LF_C_PET_ONLY"": {""vote"": null, ""hits"": []}}",C,硬件DIY,,0.85,,自制普通猫砂盆，非智能硬件,0.85,B,B,自制非智能硬件
主动(改进用),13,猫咪这几个部位很臭，可能是疾病的信号！铲屎官千万别忽视哦,"铲屎官,萌宠星探官,狸花猫,动物圈达人创作营,中华田园猫",87340,C,,"{""C"": 1.9, ""B"": 1.5}","{""LF_NOISE"": {""vote"": null, ""hits"": []}, ""LF_GAME"": {""vote"": null, ""hits"": []}, ""LF_BRAND"": {""vote"": null, ""hits"": []}, ""LF_HW"": {""vote"": null, ""hits"": []}, ""LF_PET"": {""vote"": null, ""hits"": [""猫"", ""铲屎"", ""猫咪"", ""田园猫""]}, ""LF_SMART"": {""vote"": null, ""hits"": []}, ""LF_SUPPLY"": {""vote"": null, ""hits"": []}, ""LF_HEALTH"": {""vote"": ""C"", ""hits"": [""疾病""]}, ""LF_A_BRAND_HW"": {""vote"": null, ""hits"": []}, ""LF_A_PET_HW_SMART"": {""vote"": null, ""hits"": []}, ""LF_B_PET_HW_PLAIN"": {""vote"": null, ""hits"": []}, ""LF_C_PET_ONLY"": {""vote"": ""C"", ""hits"": [""猫"", ""铲屎"", ""猫咪"", ""田园猫""]}}",B,健康医疗,,0.9,,猫咪疾病信号科普,0.85,C,,
主动(改进用),14,猫砂盆太臭！我用不到100块手搓了个空气净化器,"我在B站搞装修,除臭,猫砂盆,生活记录,家居,手搓,净化器,手工,喵星人",3016,B,,"{""B"": 2.0, ""A"": 1.5}","{""LF_NOISE"": {""vote"": null, ""hits"": []}, ""LF_GAME"": {""vote"": null, ""hits"": []}, ""LF_BRAND"": {""vote"": null, ""hits"": []}, ""LF_HW"": {""vote"": null, ""hits"": [""猫砂盆"", ""净化器""]}, ""LF_PET"": {""vote"": null, ""hits"": [""猫"", ""喵""]}, ""LF_SMART"": {""vote"": null, ""hits"": []}, ""LF_SUPPLY"": {""vote"": ""B"", ""hits"": [""猫砂""]}, ""LF_HEALTH"": {""vote"": null, ""hits"": []}, ""LF_A_BRAND_HW"": {""vote"": null, ""hits"": []}, ""LF_A_PET_HW_SMART"": {""vote"": null, ""hits"": []}, ""LF_B_PET_HW_PLAIN"": {""vote"": ""B"", ""hits"": [""猫砂盆"", ""净化器""]}, ""LF_C_PET_ONLY"": {""vote"": null, ""hits"": []}}",A,硬件DIY,净化器,0.8,,手搓猫砂盆空气净化器,0.85,A,,
主动(改进用),15,"猫口臭原因大揭秘,看完这个视频你就懂了","猫知识,猫口臭,动物观察局24.0 小动物变装派对！,新手养猫,养猫经验,科学养猫,猫,动物观察局,猫疾病,猫消化不良,猫口炎",36205,C,,"{""C"": 1.9, ""B"": 1.5}","{""LF_NOISE"": {""vote"": null, ""hits"": []}, ""LF_GAME"": {""vote"": null, ""hits"": []}, ""LF_BRAND"": {""vote"": null, ""hits"": []}, ""LF_HW"": {""vote"": null, ""hits"": []}, ""LF_PET"": {""vote"": null, ""hits"": [""猫""]}, ""LF_SMART"": {""vote"": null, ""hits"": []}, ""LF_SUPPLY"": {""vote"": null, ""hits"": []}, ""LF_HEALTH"": {""vote"": ""C"", ""hits"": [""口炎"", ""疾病""]}, ""LF_A_BRAND_HW"": {""vote"": null, ""hits"": []}, ""LF_A_PET_HW_SMART"": {""vote"": null, ""hits"": []}, ""LF_B_PET_HW_PLAIN"": {""vote"": null, ""hits"": []}, ""LF_C_PET_ONLY"": {""vote"": ""C"", ""hits"": [""猫""]}}",B,健康医疗,,0.9,,猫口臭疾病科普,0.85,C,,
主动(改进用),16,【兽医小小康】猫尿闭攻略！,"动物观察局,治疗,喵星人,宠物医生,养猫,疾病,动物观察局16.0·冬日暖心计划,兽医",193997,C,,"{""C"": 1.9, ""B"": 1.5}","{""LF_NOISE"": {""vote"": null, ""hits"": []}, ""LF_GAME"": {""vote"": null, ""hits"": []}, ""LF_BRAND"": {""vote"": null, ""hits"": []}, ""LF_HW"": {""vote"": null, ""hits"": []}, ""LF_PET"": {""vote"": null, ""hits"": [""猫"", ""宠物"", ""喵""]}, ""LF_SMART"": {""vote"": null, ""hits"": []}, ""LF_SUPPLY"": {""vote"": null, ""hits"": []}, ""LF_HEALTH"": {""vote"": ""C"", ""hits"": [""尿闭"", ""疾病"", ""治疗""]}, ""LF_A_BRAND_HW"": {""vote"": null, ""hits"": []}, ""LF_A_PET_HW_SMART"": {""vote"": null, ""hits"": []}, ""LF_B_PET_HW_PLAIN"": {""vote"": null, ""hits"": []}, ""LF_C_PET_ONLY"": {""vote"": ""C"", ""hits"": [""猫"", ""宠物"", ""喵""]}}",B,健康医疗,,0.9,,猫尿闭疾病攻略,0.85,C,,
主动(改进用),17,猫咪尿闭？别慌，家庭版处理方案它来了！,"养猫,布偶猫,喵星人",33448,C,,"{""C"": 1.9, ""B"": 1.5}","{""LF_NOISE"": {""vote"": null, ""hits"": []}, ""LF_GAME"": {""vote"": null, ""hits"": []}, ""LF_BRAND"": {""vote"": null, ""hits"": []}, ""LF_HW"": {""vote"": null, ""hits"": []}, ""LF_PET"": {""vote"": null, ""hits"": [""猫"", ""喵"", ""猫咪"", ""布偶""]}, ""LF_SMART"": {""vote"": null, ""hits"": []}, ""LF_SUPPLY"": {""vote"": null, ""hits"": []}, ""LF_HEALTH"": {""vote"": ""C"", ""hits"": [""尿闭""]}, ""LF_A_BRAND_HW"": {""vote"": null, ""hits"": []}, ""LF_A_PET_HW_SMART"": {""vote"": null, ""hits"": []}, ""LF_B_PET_HW_PLAIN"": {""vote"": null, ""hits"": []}, ""LF_C_PET_ONLY"": {""vote"": ""C"", ""hits"": [""猫"", ""喵"", ""猫咪"", ""布偶""]}}",B,健康医疗,,0.9,,猫尿闭健康处理,0.85,C,,
主动(改进用),18,无法拒绝看着小猫咪吨吨吨～,"宠物饮水机,铲屎官,好物,狗粮,遛狗,养狗,猫狗,生活,宠物,喵星人",49884,B,,"{""B"": 2.0, ""A"": 1.5}","{""LF_NOISE"": {""vote"": null, ""hits"": []}, ""LF_GAME"": {""vote"": null, ""hits"": []}, ""LF_BRAND"": {""vote"": null, ""hits"": []}, ""LF_HW"": {""vote"": null, ""hits"": [""饮水机""]}, ""LF_PET"": {""vote"": null, ""hits"": [""猫"", ""狗"", ""宠物"", ""喵"", ""铲屎"", ""小猫""]}, ""LF_SMART"": {""vote"": null, ""hits"": []}, ""LF_SUPPLY"": {""vote"": ""B"", ""hits"": [""狗粮""]}, ""LF_HEALTH"": {""vote"": null, ""hits"": []}, ""LF_A_BRAND_HW"": {""vote"": null, ""hits"": []}, ""LF_A_PET_HW_SMART"": {""vote"": null, ""hits"": []}, ""LF_B_PET_HW_PLAIN"": {""vote"": ""B"", ""hits"": [""饮水机""]}, ""LF_C_PET_ONLY"": {""vote"": null, ""hits"": []}}",A,日常vlog,,1,1,猫咪喝水日常片段,0.85,C,,
主动(改进用),19,踢不倒、好清理、没有胡须疲劳、饮水量一目了然！这样的饮水机真的爱了！！,"铲屎官,猫狗,生活,喵星人,宠物饮水机,好物,狗粮,遛狗,养狗,宠物",1045,B,,"{""B"": 2.0, ""A"": 1.5}","{""LF_NOISE"": {""vote"": null, ""hits"": []}, ""LF_GAME"": {""vote"": null, ""hits"": []}, ""LF_BRAND"": {""vote"": null, ""hits"": []}, ""LF_HW"": {""vote"": null, ""hits"": [""饮水机""]}, ""LF_PET"": {""vote"": null, ""hits"": [""猫"", ""狗"", ""宠物"", ""喵"", ""铲屎""]}, ""LF_SMART"": {""vote"": null, ""hits"": []}, ""LF_SUPPLY"": {""vote"": ""B"", ""hits"": [""狗粮""]}, ""LF_HEALTH"": {""vote"": null, ""hits"": []}, ""LF_A_BRAND_HW"": {""vote"": null, ""hits"": []}, ""LF_A_PET_HW_SMART"": {""vote"": null, ""hits"": []}, ""LF_B_PET_HW_PLAIN"": {""vote"": ""B"", ""hits"": [""饮水机""]}, ""LF_C_PET_ONLY"": {""vote"": null, ""hits"": []}}",A,硬件产品,饮水机,0.9,,宠物饮水机卖点推荐,0.85,A,,宠物饮水机推荐
主动(改进用),20,猫咪喝水不用愁啦！！！,"铲屎官,猫狗,生活,喵星人,宠物饮水机,好物,狗粮,遛狗,养狗,宠物",1041,B,,"{""B"": 2.0, ""A"": 1.5}","{""LF_NOISE"": {""vote"": null, ""hits"": []}, ""LF_GAME"": {""vote"": null, ""hits"": []}, ""LF_BRAND"": {""vote"": null, ""hits"": []}, ""LF_HW"": {""vote"": null, ""hits"": [""饮水机""]}, ""LF_PET"": {""vote"": null, ""hits"": [""猫"", ""狗"", ""宠物"", ""喵"", ""铲屎"", ""猫咪""]}, ""LF_SMART"": {""vote"": null, ""hits"": []}, ""LF_SUPPLY"": {""vote"": ""B"", ""hits"": [""狗粮""]}, ""LF_HEALTH"": {""vote"": null, ""hits"": []}, ""LF_A_BRAND_HW"": {""vote"": null, ""hits"": []}, ""LF_A_PET_HW_SMART"": {""vote"": null, ""hits"": []}, ""LF_B_PET_HW_PLAIN"": {""vote"": ""B"", ""hits"": [""饮水机""]}, ""LF_C_PET_ONLY"": {""vote"": null, ""hits"": []}}",A,硬件产品,饮水机,0.9,,标题和标签明确指向宠物饮水机,0.85,A,,
主动(改进用),21,适合小猫咪的喂水器，不回流 不通电 打不翻 更安全还好清洗！,"铲屎官,猫狗,宠物饮水机,生活,喵星人,好物,狗粮,遛狗,养狗,宠物",1190,B,,"{""B"": 2.0, ""A"": 1.5}","{""LF_NOISE"": {""vote"": null, ""hits"": []}, ""LF_GAME"": {""vote"": null, ""hits"": []}, ""LF_BRAND"": {""vote"": null, ""hits"": []}, ""LF_HW"": {""vote"": null, ""hits"": [""饮水机""]}, ""LF_PET"": {""vote"": null, ""hits"": [""猫"", ""狗"", ""宠物"", ""喵"", ""铲屎"", ""小猫""]}, ""LF_SMART"": {""vote"": null, ""hits"": []}, ""LF_SUPPLY"": {""vote"": ""B"", ""hits"": [""狗粮""]}, ""LF_HEALTH"": {""vote"": null, ""hits"": []}, ""LF_A_BRAND_HW"": {""vote"": null, ""hits"": []}, ""LF_A_PET_HW_SMART"": {""vote"": null, ""hits"": []}, ""LF_B_PET_HW_PLAIN"": {""vote"": ""B"", ""hits"": [""饮水机""]}, ""LF_C_PET_ONLY"": {""vote"": null, ""hits"": []}}",A,硬件产品,饮水机,0.9,,喂水器，标签含宠物饮水机,0.85,A,,
主动(改进用),22,有了这个便宜好用的饮水机，出去玩再也不用担心猫咪饮水问题了！,"宠物饮水机,铲屎官,好物,狗粮,遛狗,养狗,猫狗,宠物,生活,喵星人",1321,B,,"{""B"": 2.0, ""A"": 1.5}","{""LF_NOISE"": {""vote"": null, ""hits"": []}, ""LF_GAME"": {""vote"": null, ""hits"": []}, ""LF_BRAND"": {""vote"": null, ""hits"": []}, ""LF_HW"": {""vote"": null, ""hits"": [""饮水机""]}, ""LF_PET"": {""vote"": null, ""hits"": [""猫"", ""狗"", ""宠物"", ""喵"", ""铲屎"", ""猫咪""]}, ""LF_SMART"": {""vote"": null, ""hits"": []}, ""LF_SUPPLY"": {""vote"": ""B"", ""hits"": [""狗粮""]}, ""LF_HEALTH"": {""vote"": null, ""hits"": []}, ""LF_A_BRAND_HW"": {""vote"": null, ""hits"": []}, ""LF_A_PET_HW_SMART"": {""vote"": null, ""hits"": []}, ""LF_B_PET_HW_PLAIN"": {""vote"": ""B"", ""hits"": [""饮水机""]}, ""LF_C_PET_ONLY"": {""vote"": null, ""hits"": []}}",A,硬件产品,饮水机,0.9,,标题和标签明确指向宠物饮水机,0.85,A,,
主动(改进用),23,猫咪都爱喝流动的水，是猫都知道!X8,"铲屎官,宠物玩具,喵星人,新手养猫,金渐层,小猫咪,宠物,宠物饮水机,猫",8362,B,,"{""B"": 2.0, ""A"": 1.5}","{""LF_NOISE"": {""vote"": null, ""hits"": []}, ""LF_GAME"": {""vote"": null, ""hits"": []}, ""LF_BRAND"": {""vote"": null, ""hits"": []}, ""LF_HW"": {""vote"": null, ""hits"": [""饮水机""]}, ""LF_PET"": {""vote"": null, ""hits"": [""猫"", ""宠物"", ""喵"", ""铲屎"", ""小猫"", ""猫咪""]}, ""LF_SMART"": {""vote"": null, ""hits"": []}, ""LF_SUPPLY"": {""vote"": ""B"", ""hits"": [""玩具""]}, ""LF_HEALTH"": {""vote"": null, ""hits"": []}, ""LF_A_BRAND_HW"": {""vote"": null, ""hits"": []}, ""LF_A_PET_HW_SMART"": {""vote"": null, ""hits"": []}, ""LF_B_PET_HW_PLAIN"": {""vote"": ""B"", ""hits"": [""饮水机""]}, ""LF_C_PET_ONLY"": {""vote"": null, ""hits"": []}}",A,硬件产品,饮水机,0.85,,宠物饮水机推广，流动水卖点,0.85,A,,
主动(改进用),24,宠卡快捷宠物医院图南店(歇台子)10.1开始试营业。我10.1-2到场工作两天。#宠卡快捷宠物医院 #修猫修狗 #宠物诊所 #兽医 #重庆动物医院,"狗狗,猫咪,乡村兽医,修猫修狗,兽医日常,宠物医疗,宠物医生,宠物医院,兽医,宠物",4191,C,,"{""C"": 1.9, ""B"": 1.5}","{""LF_NOISE"": {""vote"": null, ""hits"": []}, ""LF_GAME"": {""vote"": null, ""hits"": []}, ""LF_BRAND"": {""vote"": null, ""hits"": []}, ""LF_HW"": {""vote"": null, ""hits"": []}, ""LF_PET"": {""vote"": null, ""hits"": [""猫"", ""狗"", ""宠物"", ""猫咪"", ""狗狗""]}, ""LF_SMART"": {""vote"": null, ""hits"": []}, ""LF_SUPPLY"": {""vote"": null, ""hits"": []}, ""LF_HEALTH"": {""vote"": ""C"", ""hits"": [""医院""]}, ""LF_A_BRAND_HW"": {""vote"": null, ""hits"": []}, ""LF_A_PET_HW_SMART"": {""vote"": null, ""hits"": []}, ""LF_B_PET_HW_PLAIN"": {""vote"": null, ""hits"": []}, ""LF_C_PET_ONLY"": {""vote"": ""C"", ""hits"": [""猫"", ""狗"", ""宠物"", ""猫咪""]}}",B,健康医疗,,0.9,,宠物医院宣传，非硬件,0.85,C,,
主动(改进用),25,20块钱搞定小猫肠胃炎！！不用去宠物医院！,"养猫秘籍,小猫肠胃炎,小猫,动物总动员,动物总动员12.0-毛孩子美食季,宠物医院,小猫生病怎么办,小猫呕吐,喵星人,小猫拉肚子",25801,C,,"{""C"": 1.9, ""B"": 1.5}","{""LF_NOISE"": {""vote"": null, ""hits"": []}, ""LF_GAME"": {""vote"": null, ""hits"": []}, ""LF_BRAND"": {""vote"": null, ""hits"": []}, ""LF_HW"": {""vote"": null, ""hits"": []}, ""LF_PET"": {""vote"": null, ""hits"": [""猫"", ""宠物"", ""喵"", ""毛孩子"", ""小猫""]}, ""LF_SMART"": {""vote"": null, ""hits"": []}, ""LF_SUPPLY"": {""vote"": null, ""hits"": []}, ""LF_HEALTH"": {""vote"": ""C"", ""hits"": [""呕吐"", ""生病"", ""医院""]}, ""LF_A_BRAND_HW"": {""vote"": null, ""hits"": []}, ""LF_A_PET_HW_SMART"": {""vote"": null, ""hits"": []}, ""LF_B_PET_HW_PLAIN"": {""vote"": null, ""hits"": []}, ""LF_C_PET_ONLY"": {""vote"": ""C"", ""hits"": [""猫"", ""宠物"", ""喵"", ""毛孩子""]}}",B,健康医疗,,0.9,,小猫肠胃炎治疗，非硬件,0.85,C,,
主动(改进用),26,猫尿频？尿急？尿血？猫膀胱炎自救指南！,"尿闭,猫膀胱炎,猫特异性膀胱炎",24522,C,,"{""C"": 1.9, ""B"": 1.5}","{""LF_NOISE"": {""vote"": null, ""hits"": []}, ""LF_GAME"": {""vote"": null, ""hits"": []}, ""LF_BRAND"": {""vote"": null, ""hits"": []}, ""LF_HW"": {""vote"": null, ""hits"": []}, ""LF_PET"": {""vote"": null, ""hits"": [""猫""]}, ""LF_SMART"": {""vote"": null, ""hits"": []}, ""LF_SUPPLY"": {""vote"": null, ""hits"": []}, ""LF_HEALTH"": {""vote"": ""C"", ""hits"": [""尿闭""]}, ""LF_A_BRAND_HW"": {""vote"": null, ""hits"": []}, ""LF_A_PET_HW_SMART"": {""vote"": null, ""hits"": []}, ""LF_B_PET_HW_PLAIN"": {""vote"": null, ""hits"": []}, ""LF_C_PET_ONLY"": {""vote"": ""C"", ""hits"": [""猫""]}}",B,健康医疗,,0.9,,猫膀胱炎健康指南,0.85,C,,
主动(改进用),27,[小米上新]米家宠物喂食器2可视版。和2拆解对比。AI看护,"萌宠UP主加更计划,米家,开箱,小米,猫粮,AI,喵星人,萌宠日常,喂食器,监控",5774,B,,"{""B"": 2.0, ""A"": 1.5}","{""LF_NOISE"": {""vote"": null, ""hits"": []}, ""LF_GAME"": {""vote"": null, ""hits"": []}, ""LF_BRAND"": {""vote"": null, ""hits"": []}, ""LF_HW"": {""vote"": null, ""hits"": [""喂食器"", ""监控""]}, ""LF_PET"": {""vote"": null, ""hits"": [""猫"", ""宠物"", ""喵""]}, ""LF_SMART"": {""vote"": null, ""hits"": []}, ""LF_SUPPLY"": {""vote"": ""B"", ""hits"": [""猫粮""]}, ""LF_HEALTH"": {""vote"": null, ""hits"": []}, ""LF_A_BRAND_HW"": {""vote"": null, ""hits"": []}, ""LF_A_PET_HW_SMART"": {""vote"": null, ""hits"": []}, ""LF_B_PET_HW_PLAIN"": {""vote"": ""B"", ""hits"": [""喂食器"", ""监控""]}, ""LF_C_PET_ONLY"": {""vote"": null, ""hits"": []}}",A,硬件产品,喂食器,0.95,,米家宠物喂食器2可视版拆解,0.85,A,,
主动(改进用),28,狗粮自助喂食器，二哈会用吗？,"狗,宠物,动物观察局·心动的信号,哈士奇,二哈,动物观察局,汪星人",71873,B,,"{""B"": 2.0, ""A"": 1.5}","{""LF_NOISE"": {""vote"": null, ""hits"": []}, ""LF_GAME"": {""vote"": null, ""hits"": []}, ""LF_BRAND"": {""vote"": null, ""hits"": []}, ""LF_HW"": {""vote"": null, ""hits"": [""喂食器""]}, ""LF_PET"": {""vote"": null, ""hits"": [""狗"", ""宠物"", ""汪"", ""哈士奇""]}, ""LF_SMART"": {""vote"": null, ""hits"": []}, ""LF_SUPPLY"": {""vote"": ""B"", ""hits"": [""狗粮""]}, ""LF_HEALTH"": {""vote"": null, ""hits"": []}, ""LF_A_BRAND_HW"": {""vote"": null, ""hits"": []}, ""LF_A_PET_HW_SMART"": {""vote"": null, ""hits"": []}, ""LF_B_PET_HW_PLAIN"": {""vote"": ""B"", ""hits"": [""喂食器""]}, ""LF_C_PET_ONLY"": {""vote"": null, ""hits"": []}}",A,日常vlog,,1,1,二哈用喂食器，偏萌宠日常,0.85,C,A,
主动(改进用),29,【首发】自制宠物喂食器详解（原木复古风）,"自制,宠物喂食器,原木风,生活记录,原创,手工,一起做手工吧13.0·记录我的治愈手作,萌宠好物,猫粮桶,我的手工真的很解压,在家打造小猫咖",8146,B,,"{""B"": 2.0, ""A"": 1.5}","{""LF_NOISE"": {""vote"": null, ""hits"": []}, ""LF_GAME"": {""vote"": null, ""hits"": []}, ""LF_BRAND"": {""vote"": null, ""hits"": []}, ""LF_HW"": {""vote"": null, ""hits"": [""喂食器""]}, ""LF_PET"": {""vote"": null, ""hits"": [""猫"", ""宠物"", ""小猫""]}, ""LF_SMART"": {""vote"": null, ""hits"": []}, ""LF_SUPPLY"": {""vote"": ""B"", ""hits"": [""猫粮""]}, ""LF_HEALTH"": {""vote"": null, ""hits"": []}, ""LF_A_BRAND_HW"": {""vote"": null, ""hits"": []}, ""LF_A_PET_HW_SMART"": {""vote"": null, ""hits"": []}, ""LF_B_PET_HW_PLAIN"": {""vote"": ""B"", ""hits"": [""喂食器""]}, ""LF_C_PET_ONLY"": {""vote"": null, ""hits"": []}}",A,硬件DIY,喂食器,0.85,,自制宠物喂食器详解,0.85,A,,
主动(改进用),30,2026假期猫咪留守全攻略！低成本搞定吃喝拉撒，建议收藏！,"猫咪,DIY喂食器,毛孩子的春节,整活,喂水器,猫砂,教程攻略,摄像头,放假,宠物",75575,B,,"{""B"": 2.0, ""C"": 1.5}","{""LF_NOISE"": {""vote"": null, ""hits"": []}, ""LF_GAME"": {""vote"": null, ""hits"": []}, ""LF_BRAND"": {""vote"": null, ""hits"": []}, ""LF_HW"": {""vote"": null, ""hits"": [""喂食器"", ""摄像头""]}, ""LF_PET"": {""vote"": null, ""hits"": [""猫"", ""宠物"", ""毛孩子"", ""猫咪""]}, ""LF_SMART"": {""vote"": null, ""hits"": []}, ""LF_SUPPLY"": {""vote"": ""B"", ""hits"": [""猫砂""]}, ""LF_HEALTH"": {""vote"": null, ""hits"": []}, ""LF_A_BRAND_HW"": {""vote"": null, ""hits"": []}, ""LF_A_PET_HW_SMART"": {""vote"": null, ""hits"": []}, ""LF_B_PET_HW_PLAIN"": {""vote"": ""B"", ""hits"": [""喂食器"", ""摄像头""]}, ""LF_C_PET_ONLY"": {""vote"": null, ""hits"": []}}",C,养护科普,,0.8,,猫咪留守攻略，含DIY喂食器,0.85,A,C,
主动(改进用),31,不可思议的猫咪科技 - Half-Asleep Chris,"猫咪科技,猫语翻译器,幽默视频,猫抓柱,宠物科技,宠物乐趣,机器人猫摄像头,猫咪生活,LED灯,猫咪玩具",20329,B,,"{""B"": 2.0, ""A"": 1.5}","{""LF_NOISE"": {""vote"": null, ""hits"": []}, ""LF_GAME"": {""vote"": null, ""hits"": []}, ""LF_BRAND"": {""vote"": null, ""hits"": []}, ""LF_HW"": {""vote"": null, ""hits"": [""摄像头""]}, ""LF_PET"": {""vote"": null, ""hits"": [""猫"", ""宠物"", ""猫咪""]}, ""LF_SMART"": {""vote"": null, ""hits"": []}, ""LF_SUPPLY"": {""vote"": ""B"", ""hits"": [""玩具""]}, ""LF_HEALTH"": {""vote"": null, ""hits"": []}, ""LF_A_BRAND_HW"": {""vote"": null, ""hits"": []}, ""LF_A_PET_HW_SMART"": {""vote"": null, ""hits"": []}, ""LF_B_PET_HW_PLAIN"": {""vote"": ""B"", ""hits"": [""摄像头""]}, ""LF_C_PET_ONLY"": {""vote"": null, ""hits"": []}}",A,硬件产品,摄像头,1,1,猫咪科技含机器人猫摄像头,0.85,A,,
主动(改进用),32,烘干时搭配饼干更妙哦,"聚宠烘干箱,猫咪洗护,萌宠日常,宠物烘干",1642,B,,"{""B"": 2.0, ""A"": 1.5}","{""LF_NOISE"": {""vote"": null, ""hits"": []}, ""LF_GAME"": {""vote"": null, ""hits"": []}, ""LF_BRAND"": {""vote"": null, ""hits"": []}, ""LF_HW"": {""vote"": null, ""hits"": [""烘干箱""]}, ""LF_PET"": {""vote"": null, ""hits"": [""猫"", ""宠物"", ""猫咪""]}, ""LF_SMART"": {""vote"": null, ""hits"": []}, ""LF_SUPPLY"": {""vote"": ""B"", ""hits"": [""洗护""]}, ""LF_HEALTH"": {""vote"": null, ""hits"": []}, ""LF_A_BRAND_HW"": {""vote"": null, ""hits"": []}, ""LF_A_PET_HW_SMART"": {""vote"": null, ""hits"": []}, ""LF_B_PET_HW_PLAIN"": {""vote"": ""B"", ""hits"": [""烘干箱""]}, ""LF_C_PET_ONLY"": {""vote"": null, ""hits"": []}}",A,硬件产品,烘干箱,0.8,,聚宠烘干箱使用,0.85,A,,
主动(改进用),33,宠物烘干箱详细教程，还有宠物零食免费送，需要的留言吧,"汪星人,零食,柯基",1430,B,,"{""B"": 2.0, ""A"": 1.5}","{""LF_NOISE"": {""vote"": null, ""hits"": []}, ""LF_GAME"": {""vote"": null, ""hits"": []}, ""LF_BRAND"": {""vote"": null, ""hits"": []}, ""LF_HW"": {""vote"": null, ""hits"": [""烘干箱""]}, ""LF_PET"": {""vote"": null, ""hits"": [""宠物"", ""汪"", ""柯基""]}, ""LF_SMART"": {""vote"": null, ""hits"": []}, ""LF_SUPPLY"": {""vote"": ""B"", ""hits"": [""零食""]}, ""LF_HEALTH"": {""vote"": null, ""hits"": []}, ""LF_A_BRAND_HW"": {""vote"": null, ""hits"": []}, ""LF_A_PET_HW_SMART"": {""vote"": null, ""hits"": []}, ""LF_B_PET_HW_PLAIN"": {""vote"": ""B"", ""hits"": [""烘干箱""]}, ""LF_C_PET_ONLY"": {""vote"": null, ""hits"": []}}",A,硬件产品,烘干箱,0.85,,宠物烘干箱教程,0.85,A,,
主动(改进用),34,模型喷涂烘干，不是喷涂专用烘干箱买不起，而是宠物烘干箱更有性价比，干果机升级！,"模型制作,经验分享,必剪创作,模型,高达模型,喷涂,烘干,玩具",3289,B,,"{""B"": 2.0, ""N"": 1.5}","{""LF_NOISE"": {""vote"": null, ""hits"": []}, ""LF_GAME"": {""vote"": null, ""hits"": []}, ""LF_BRAND"": {""vote"": null, ""hits"": []}, ""LF_HW"": {""vote"": null, ""hits"": [""烘干箱""]}, ""LF_PET"": {""vote"": null, ""hits"": [""宠物""]}, ""LF_SMART"": {""vote"": null, ""hits"": []}, ""LF_SUPPLY"": {""vote"": ""B"", ""hits"": [""玩具""]}, ""LF_HEALTH"": {""vote"": null, ""hits"": []}, ""LF_A_BRAND_HW"": {""vote"": null, ""hits"": []}, ""LF_A_PET_HW_SMART"": {""vote"": null, ""hits"": []}, ""LF_B_PET_HW_PLAIN"": {""vote"": ""B"", ""hits"": [""烘干箱""]}, ""LF_C_PET_ONLY"": {""vote"": null, ""hits"": []}}",N,硬件DIY,,1,1,宠物烘干箱用于模型喷涂，非宠物用途,0.85,C,N,
主动(改进用),35,网购的宠物零食烘干机，开箱测试一下,"萌宠,狗狗,铲屎官,日常,可爱",3798,B,,"{""B"": 2.0, ""A"": 1.5}","{""LF_NOISE"": {""vote"": null, ""hits"": []}, ""LF_GAME"": {""vote"": null, ""hits"": []}, ""LF_BRAND"": {""vote"": null, ""hits"": []}, ""LF_HW"": {""vote"": null, ""hits"": [""烘干机""]}, ""LF_PET"": {""vote"": null, ""hits"": [""狗"", ""宠物"", ""铲屎"", ""狗狗""]}, ""LF_SMART"": {""vote"": null, ""hits"": []}, ""LF_SUPPLY"": {""vote"": ""B"", ""hits"": [""零食""]}, ""LF_HEALTH"": {""vote"": null, ""hits"": []}, ""LF_A_BRAND_HW"": {""vote"": null, ""hits"": []}, ""LF_A_PET_HW_SMART"": {""vote"": null, ""hits"": []}, ""LF_B_PET_HW_PLAIN"": {""vote"": ""B"", ""hits"": [""烘干机""]}, ""LF_C_PET_ONLY"": {""vote"": null, ""hits"": []}}",A,硬件产品,烘干箱,0.85,,宠物零食烘干机开箱测试,0.85,A,,
主动(改进用),36,DIY毛头小蛛猫窝Vlog,"布偶猫,玩具,喵星人,毛头小蛛,宠物窝,手工diy,猫窝,洛克王国",9234,B,,"{""B"": 2.0, ""C"": 1.5}","{""LF_NOISE"": {""vote"": null, ""hits"": []}, ""LF_GAME"": {""vote"": null, ""hits"": []}, ""LF_BRAND"": {""vote"": null, ""hits"": []}, ""LF_HW"": {""vote"": null, ""hits"": [""猫窝""]}, ""LF_PET"": {""vote"": null, ""hits"": [""猫"", ""宠物"", ""喵"", ""布偶""]}, ""LF_SMART"": {""vote"": null, ""hits"": []}, ""LF_SUPPLY"": {""vote"": ""B"", ""hits"": [""玩具""]}, ""LF_HEALTH"": {""vote"": null, ""hits"": []}, ""LF_A_BRAND_HW"": {""vote"": null, ""hits"": []}, ""LF_A_PET_HW_SMART"": {""vote"": null, ""hits"": []}, ""LF_B_PET_HW_PLAIN"": {""vote"": ""B"", ""hits"": [""猫窝""]}, ""LF_C_PET_ONLY"": {""vote"": null, ""hits"": []}}",C,硬件DIY,,0.8,,DIY普通猫窝vlog,0.85,B,,
主动(改进用),37,AI 给宠物看病？宠物医院完了,"AI,人工智能,宠物",185,C,,"{""C"": 1.9, ""B"": 1.5}","{""LF_NOISE"": {""vote"": null, ""hits"": []}, ""LF_GAME"": {""vote"": null, ""hits"": []}, ""LF_BRAND"": {""vote"": null, ""hits"": []}, ""LF_HW"": {""vote"": null, ""hits"": []}, ""LF_PET"": {""vote"": null, ""hits"": [""宠物""]}, ""LF_SMART"": {""vote"": null, ""hits"": [""智能""]}, ""LF_SUPPLY"": {""vote"": null, ""hits"": []}, ""LF_HEALTH"": {""vote"": ""C"", ""hits"": [""医院""]}, ""LF_A_BRAND_HW"": {""vote"": null, ""hits"": []}, ""LF_A_PET_HW_SMART"": {""vote"": null, ""hits"": []}, ""LF_B_PET_HW_PLAIN"": {""vote"": null, ""hits"": []}, ""LF_C_PET_ONLY"": {""vote"": ""C"", ""hits"": [""宠物""]}}",B,健康医疗,,1,1,AI给宠物看病，非硬件,0.85,C,,
主动(改进用),38,乡村҉兽医用最简单，最̑快，最̀科学的方法̑，治疗猫咪҉̟ͤ尿闭,"乡村,兽医,喵星人,动物总动员,宠物医院",23865,C,,"{""C"": 1.9, ""B"": 1.5}","{""LF_NOISE"": {""vote"": null, ""hits"": []}, ""LF_GAME"": {""vote"": null, ""hits"": []}, ""LF_BRAND"": {""vote"": null, ""hits"": []}, ""LF_HW"": {""vote"": null, ""hits"": []}, ""LF_PET"": {""vote"": null, ""hits"": [""猫"", ""宠物"", ""喵"", ""猫咪""]}, ""LF_SMART"": {""vote"": null, ""hits"": []}, ""LF_SUPPLY"": {""vote"": null, ""hits"": []}, ""LF_HEALTH"": {""vote"": ""C"", ""hits"": [""尿闭"", ""医院"", ""治疗""]}, ""LF_A_BRAND_HW"": {""vote"": null, ""hits"": []}, ""LF_A_PET_HW_SMART"": {""vote"": null, ""hits"": []}, ""LF_B_PET_HW_PLAIN"": {""vote"": null, ""hits"": []}, ""LF_C_PET_ONLY"": {""vote"": ""C"", ""hits"": [""猫"", ""宠物"", ""喵"", ""猫咪""]}}",B,健康医疗,,0.9,,猫咪尿闭治疗，疾病健康非硬件,0.85,C,,
主动(改进用),39,美卡犬 雌雄同体 外阴 阴茎 睾丸 子宫全都有… #兽医 #宠物医院 #宠物医生 #苏州宠物医院 #上海宠物医院,"美卡犬,动物医学,宠物医生,动物总动员,绝育手术,宠物医院,兽医,雌雄同体",49303,C,,"{""C"": 1.9, ""B"": 1.5}","{""LF_NOISE"": {""vote"": null, ""hits"": []}, ""LF_GAME"": {""vote"": null, ""hits"": []}, ""LF_BRAND"": {""vote"": null, ""hits"": []}, ""LF_HW"": {""vote"": null, ""hits"": []}, ""LF_PET"": {""vote"": null, ""hits"": [""宠物"", ""犬""]}, ""LF_SMART"": {""vote"": null, ""hits"": []}, ""LF_SUPPLY"": {""vote"": null, ""hits"": []}, ""LF_HEALTH"": {""vote"": ""C"", ""hits"": [""绝育"", ""医院""]}, ""LF_A_BRAND_HW"": {""vote"": null, ""hits"": []}, ""LF_A_PET_HW_SMART"": {""vote"": null, ""hits"": []}, ""LF_B_PET_HW_PLAIN"": {""vote"": null, ""hits"": []}, ""LF_C_PET_ONLY"": {""vote"": ""C"", ""hits"": [""宠物"", ""犬""]}}",B,健康医疗,,0.9,,犬类疾病医疗科普,0.85,C,,
主动(改进用),40,小奶狗驱虫，谁会想到肚子里有这么多虫,"田园犬,土狗,肚子",8017,C,,"{""C"": 1.9, ""B"": 1.5}","{""LF_NOISE"": {""vote"": null, ""hits"": []}, ""LF_GAME"": {""vote"": null, ""hits"": []}, ""LF_BRAND"": {""vote"": null, ""hits"": []}, ""LF_HW"": {""vote"": null, ""hits"": []}, ""LF_PET"": {""vote"": null, ""hits"": [""狗"", ""犬""]}, ""LF_SMART"": {""vote"": null, ""hits"": []}, ""LF_SUPPLY"": {""vote"": null, ""hits"": []}, ""LF_HEALTH"": {""vote"": ""C"", ""hits"": [""驱虫""]}, ""LF_A_BRAND_HW"": {""vote"": null, ""hits"": []}, ""LF_A_PET_HW_SMART"": {""vote"": null, ""hits"": []}, ""LF_B_PET_HW_PLAIN"": {""vote"": null, ""hits"": []}, ""LF_C_PET_ONLY"": {""vote"": ""C"", ""hits"": [""狗"", ""犬""]}}",B,健康医疗,,0.8,,驱虫健康，非硬件,0.85,C,,
主动(改进用),41,德牧得知要被绝育，在医院被吓尿了，疯狂挣扎！,"AI萌宠超能养成计划,德牧,绝育,整蛊,二哈,哈士奇,可爱,搞笑",363618,C,,"{""C"": 1.9, ""B"": 1.5}","{""LF_NOISE"": {""vote"": null, ""hits"": []}, ""LF_GAME"": {""vote"": null, ""hits"": []}, ""LF_BRAND"": {""vote"": null, ""hits"": []}, ""LF_HW"": {""vote"": null, ""hits"": []}, ""LF_PET"": {""vote"": null, ""hits"": [""哈士奇""]}, ""LF_SMART"": {""vote"": null, ""hits"": []}, ""LF_SUPPLY"": {""vote"": null, ""hits"": []}, ""LF_HEALTH"": {""vote"": ""C"", ""hits"": [""绝育"", ""医院""]}, ""LF_A_BRAND_HW"": {""vote"": null, ""hits"": []}, ""LF_A_PET_HW_SMART"": {""vote"": null, ""hits"": []}, ""LF_B_PET_HW_PLAIN"": {""vote"": null, ""hits"": []}, ""LF_C_PET_ONLY"": {""vote"": ""C"", ""hits"": [""哈士奇""]}}",B,健康医疗,,0.85,,绝育相关，非硬件,0.85,C,,
主动(改进用),42,宠物医院靠不靠谱，看这个视频就懂了,"动物总动员7.0-养宠的快乐瞬间,谁家小猫这么可爱,猫咪疫苗,宠物医院,猫咪日常,兽医,宠物医生,汪星人",219694,C,,"{""C"": 1.9, ""B"": 1.5}","{""LF_NOISE"": {""vote"": null, ""hits"": []}, ""LF_GAME"": {""vote"": null, ""hits"": []}, ""LF_BRAND"": {""vote"": null, ""hits"": []}, ""LF_HW"": {""vote"": null, ""hits"": []}, ""LF_PET"": {""vote"": null, ""hits"": [""猫"", ""宠物"", ""汪"", ""养宠"", ""小猫"", ""猫咪""]}, ""LF_SMART"": {""vote"": null, ""hits"": []}, ""LF_SUPPLY"": {""vote"": null, ""hits"": []}, ""LF_HEALTH"": {""vote"": ""C"", ""hits"": [""疫苗"", ""医院""]}, ""LF_A_BRAND_HW"": {""vote"": null, ""hits"": []}, ""LF_A_PET_HW_SMART"": {""vote"": null, ""hits"": []}, ""LF_B_PET_HW_PLAIN"": {""vote"": null, ""hits"": []}, ""LF_C_PET_ONLY"": {""vote"": ""C"", ""hits"": [""猫"", ""宠物"", ""汪"", ""养宠""]}}",B,健康医疗,,0.85,,宠物医院相关影响决策,0.85,C,,
主动(改进用),43,造成尿闭的真正杀手！和喝水多少关系不大,"创作灵感,宠物医生,小猫咪,动物观察局20.0·铲屎官的茶话会,尿闭,喵星人,科学养宠",28184,C,,"{""C"": 1.9, ""B"": 1.5}","{""LF_NOISE"": {""vote"": null, ""hits"": []}, ""LF_GAME"": {""vote"": null, ""hits"": []}, ""LF_BRAND"": {""vote"": null, ""hits"": []}, ""LF_HW"": {""vote"": null, ""hits"": []}, ""LF_PET"": {""vote"": null, ""hits"": [""猫"", ""宠物"", ""喵"", ""铲屎"", ""养宠"", ""小猫""]}, ""LF_SMART"": {""vote"": null, ""hits"": []}, ""LF_SUPPLY"": {""vote"": null, ""hits"": []}, ""LF_HEALTH"": {""vote"": ""C"", ""hits"": [""尿闭""]}, ""LF_A_BRAND_HW"": {""vote"": null, ""hits"": []}, ""LF_A_PET_HW_SMART"": {""vote"": null, ""hits"": []}, ""LF_B_PET_HW_PLAIN"": {""vote"": null, ""hits"": []}, ""LF_C_PET_ONLY"": {""vote"": ""C"", ""hits"": [""猫"", ""宠物"", ""喵"", ""铲屎""]}}",B,健康医疗,,0.85,,猫尿闭健康科普，影响饮水机决策,0.85,C,,
主动(改进用),44,在猫砂盆里拉屎 猫会帮你埋么？,"萌宠vlog,全能打卡挑战,猫,沙雕日常,宠物,喵星人",232140,B,,"{""B"": 2.0, ""C"": 1.5}","{""LF_NOISE"": {""vote"": null, ""hits"": []}, ""LF_GAME"": {""vote"": null, ""hits"": []}, ""LF_BRAND"": {""vote"": null, ""hits"": []}, ""LF_HW"": {""vote"": null, ""hits"": [""猫砂盆""]}, ""LF_PET"": {""vote"": null, ""hits"": [""猫"", ""宠物"", ""喵""]}, ""LF_SMART"": {""vote"": null, ""hits"": []}, ""LF_SUPPLY"": {""vote"": ""B"", ""hits"": [""猫砂""]}, ""LF_HEALTH"": {""vote"": null, ""hits"": []}, ""LF_A_BRAND_HW"": {""vote"": null, ""hits"": []}, ""LF_A_PET_HW_SMART"": {""vote"": null, ""hits"": []}, ""LF_B_PET_HW_PLAIN"": {""vote"": ""B"", ""hits"": [""猫砂盆""]}, ""LF_C_PET_ONLY"": {""vote"": null, ""hits"": []}}",C,日常vlog,,0.9,,萌宠搞笑日常,0.85,C,,
主动(改进用),45,窝囊了半辈子，养的猫也一副窝囊样…,"小佩自动猫砂盆maxpro2,萌宠UP主加更计划,喵星人,窝囊猫,话痨猫,养猫日常,橘猫,田园猫",1955,A,,"{""B"": 0.9, ""A"": 2.9, ""C"": 1.5}","{""LF_NOISE"": {""vote"": null, ""hits"": []}, ""LF_GAME"": {""vote"": null, ""hits"": []}, ""LF_BRAND"": {""vote"": null, ""hits"": [""小佩""]}, ""LF_HW"": {""vote"": null, ""hits"": [""猫砂盆""]}, ""LF_PET"": {""vote"": null, ""hits"": [""猫"", ""喵"", ""橘猫"", ""田园猫""]}, ""LF_SMART"": {""vote"": null, ""hits"": [""自动""]}, ""LF_SUPPLY"": {""vote"": ""B"", ""hits"": [""猫砂""]}, ""LF_HEALTH"": {""vote"": null, ""hits"": []}, ""LF_A_BRAND_HW"": {""vote"": ""A"", ""hits"": [""小佩"", ""猫砂盆""]}, ""LF_A_PET_HW_SMART"": {""vote"": ""A"", ""hits"": [""自动""]}, ""LF_B_PET_HW_PLAIN"": {""vote"": null, ""hits"": []}, ""LF_C_PET_ONLY"": {""vote"": null, ""hits"": []}}",C,日常vlog,,1,1,养猫日常，标签含产品,0.85,C,,
主动(改进用),46,猫拉肚子应该怎么解决？猫粑粑什么样算正常？,"猫拉稀,猫软便,动物观察局,猫屎,打卡挑战,动物圈达人创作营",126130,C,,"{""C"": 1.9, ""B"": 1.5}","{""LF_NOISE"": {""vote"": null, ""hits"": []}, ""LF_GAME"": {""vote"": null, ""hits"": []}, ""LF_BRAND"": {""vote"": null, ""hits"": []}, ""LF_HW"": {""vote"": null, ""hits"": []}, ""LF_PET"": {""vote"": null, ""hits"": [""猫""]}, ""LF_SMART"": {""vote"": null, ""hits"": []}, ""LF_SUPPLY"": {""vote"": null, ""hits"": []}, ""LF_HEALTH"": {""vote"": ""C"", ""hits"": [""拉稀""]}, ""LF_A_BRAND_HW"": {""vote"": null, ""hits"": []}, ""LF_A_PET_HW_SMART"": {""vote"": null, ""hits"": []}, ""LF_B_PET_HW_PLAIN"": {""vote"": null, ""hits"": []}, ""LF_C_PET_ONLY"": {""vote"": ""C"", ""hits"": [""猫""]}}",B,健康医疗,,0.85,,猫拉肚子健康问题,0.85,C,,
主动(改进用),47,兽医版不烧心#兽医 #乡村兽医 #绝育 #宠卡快捷宠物医院,"狗狗,猫咪,乡村兽医,修猫修狗,兽医日常,宠物医生",2850,C,,"{""C"": 1.9, ""B"": 1.5}","{""LF_NOISE"": {""vote"": null, ""hits"": []}, ""LF_GAME"": {""vote"": null, ""hits"": []}, ""LF_BRAND"": {""vote"": null, ""hits"": []}, ""LF_HW"": {""vote"": null, ""hits"": []}, ""LF_PET"": {""vote"": null, ""hits"": [""猫"", ""狗"", ""宠物"", ""猫咪"", ""狗狗""]}, ""LF_SMART"": {""vote"": null, ""hits"": []}, ""LF_SUPPLY"": {""vote"": null, ""hits"": []}, ""LF_HEALTH"": {""vote"": ""C"", ""hits"": [""绝育"", ""医院""]}, ""LF_A_BRAND_HW"": {""vote"": null, ""hits"": []}, ""LF_A_PET_HW_SMART"": {""vote"": null, ""hits"": []}, ""LF_B_PET_HW_PLAIN"": {""vote"": null, ""hits"": []}, ""LF_C_PET_ONLY"": {""vote"": ""C"", ""hits"": [""猫"", ""狗"", ""宠物"", ""猫咪""]}}",B,健康医疗,,0.8,,兽医绝育内容,0.85,C,,
主动(改进用),48,夏季猫砂盆异味重，一招解决臭味问题，快来试试这几个小妙招吧,"猫猫,科普,生活小妙招",257,B,,"{""B"": 2.0, ""C"": 1.5}","{""LF_NOISE"": {""vote"": null, ""hits"": []}, ""LF_GAME"": {""vote"": null, ""hits"": []}, ""LF_BRAND"": {""vote"": null, ""hits"": []}, ""LF_HW"": {""vote"": null, ""hits"": [""猫砂盆""]}, ""LF_PET"": {""vote"": null, ""hits"": [""猫""]}, ""LF_SMART"": {""vote"": null, ""hits"": []}, ""LF_SUPPLY"": {""vote"": ""B"", ""hits"": [""猫砂""]}, ""LF_HEALTH"": {""vote"": null, ""hits"": []}, ""LF_A_BRAND_HW"": {""vote"": null, ""hits"": []}, ""LF_A_PET_HW_SMART"": {""vote"": null, ""hits"": []}, ""LF_B_PET_HW_PLAIN"": {""vote"": ""B"", ""hits"": [""猫砂盆""]}, ""LF_C_PET_ONLY"": {""vote"": null, ""hits"": []}}",C,养护科普,,0.8,,猫砂盆除臭小妙招,0.85,C,,
主动(改进用),49,猫好养，屎真不好弄？物理除臭省电无异味，出差10天都不会臭？,"科技,铲屎,宠物,发明,猫砂盆",239,B,,"{""B"": 2.0, ""A"": 1.5}","{""LF_NOISE"": {""vote"": null, ""hits"": []}, ""LF_GAME"": {""vote"": null, ""hits"": []}, ""LF_BRAND"": {""vote"": null, ""hits"": []}, ""LF_HW"": {""vote"": null, ""hits"": [""猫砂盆""]}, ""LF_PET"": {""vote"": null, ""hits"": [""猫"", ""宠物"", ""铲屎""]}, ""LF_SMART"": {""vote"": null, ""hits"": []}, ""LF_SUPPLY"": {""vote"": ""B"", ""hits"": [""猫砂""]}, ""LF_HEALTH"": {""vote"": null, ""hits"": []}, ""LF_A_BRAND_HW"": {""vote"": null, ""hits"": []}, ""LF_A_PET_HW_SMART"": {""vote"": null, ""hits"": []}, ""LF_B_PET_HW_PLAIN"": {""vote"": ""B"", ""hits"": [""猫砂盆""]}, ""LF_C_PET_ONLY"": {""vote"": null, ""hits"": []}}",A,耗材日用,,1,1,猫砂盆除臭，非智能硬件,0.85,C,B,
主动(改进用),50,解决猫砂盆臭味危机，自制空气清新剂,"喵星人,小奶猫,狸花猫,橘猫,田园猫,必剪创作,UP！新学期",227,B,,"{""B"": 2.0, ""C"": 1.5}","{""LF_NOISE"": {""vote"": null, ""hits"": []}, ""LF_GAME"": {""vote"": null, ""hits"": []}, ""LF_BRAND"": {""vote"": null, ""hits"": []}, ""LF_HW"": {""vote"": null, ""hits"": [""猫砂盆""]}, ""LF_PET"": {""vote"": null, ""hits"": [""猫"", ""喵"", ""橘猫"", ""田园猫""]}, ""LF_SMART"": {""vote"": null, ""hits"": []}, ""LF_SUPPLY"": {""vote"": ""B"", ""hits"": [""猫砂""]}, ""LF_HEALTH"": {""vote"": null, ""hits"": []}, ""LF_A_BRAND_HW"": {""vote"": null, ""hits"": []}, ""LF_A_PET_HW_SMART"": {""vote"": null, ""hits"": []}, ""LF_B_PET_HW_PLAIN"": {""vote"": ""B"", ""hits"": [""猫砂盆""]}, ""LF_C_PET_ONLY"": {""vote"": null, ""hits"": []}}",C,养护科普,,0.8,,自制除臭剂科普,0.85,C,,
主动(改进用),51,此项目时隔几小时迎来3.0版本。出风量大。不再会异味区憋压的情况。,"生活记录,猫咪,科普,工厂,版本,猫砂盆,项目,原创,记录",220,B,,"{""B"": 2.0, ""A"": 1.5}","{""LF_NOISE"": {""vote"": null, ""hits"": []}, ""LF_GAME"": {""vote"": null, ""hits"": []}, ""LF_BRAND"": {""vote"": null, ""hits"": []}, ""LF_HW"": {""vote"": null, ""hits"": [""猫砂盆""]}, ""LF_PET"": {""vote"": null, ""hits"": [""猫"", ""猫咪""]}, ""LF_SMART"": {""vote"": null, ""hits"": []}, ""LF_SUPPLY"": {""vote"": ""B"", ""hits"": [""猫砂""]}, ""LF_HEALTH"": {""vote"": null, ""hits"": []}, ""LF_A_BRAND_HW"": {""vote"": null, ""hits"": []}, ""LF_A_PET_HW_SMART"": {""vote"": null, ""hits"": []}, ""LF_B_PET_HW_PLAIN"": {""vote"": ""B"", ""hits"": [""猫砂盆""]}, ""LF_C_PET_ONLY"": {""vote"": null, ""hits"": []}}",A,硬件DIY,,1,1,猫砂盆通风DIY项目,0.85,A,,
主动(改进用),52,养猫家里有异味不要着急埋怨猫主子，打理干净猫砂盆才是正事奥,"猫,养猫养猫,萌宠",146,B,,"{""B"": 2.0, ""C"": 1.5}","{""LF_NOISE"": {""vote"": null, ""hits"": []}, ""LF_GAME"": {""vote"": null, ""hits"": []}, ""LF_BRAND"": {""vote"": null, ""hits"": []}, ""LF_HW"": {""vote"": null, ""hits"": [""猫砂盆""]}, ""LF_PET"": {""vote"": null, ""hits"": [""猫"", ""主子""]}, ""LF_SMART"": {""vote"": null, ""hits"": []}, ""LF_SUPPLY"": {""vote"": ""B"", ""hits"": [""猫砂""]}, ""LF_HEALTH"": {""vote"": null, ""hits"": []}, ""LF_A_BRAND_HW"": {""vote"": null, ""hits"": []}, ""LF_A_PET_HW_SMART"": {""vote"": null, ""hits"": []}, ""LF_B_PET_HW_PLAIN"": {""vote"": ""B"", ""hits"": [""猫砂盆""]}, ""LF_C_PET_ONLY"": {""vote"": null, ""hits"": []}}",C,养护科普,,0.8,,养猫日常清洁科普,0.85,C,,
主动(改进用),53,养猫的家人们猫砂盆你们都多久洗一次呀我家的隔两天就得洗不然家里总有股很大的臭味搞的现在家人也有意见说味道太大不想让养了想问问你们也会这样嘛我真的受不住了,"小奶猫,养猫,喵星人",139,B,,"{""B"": 2.0, ""C"": 1.5}","{""LF_NOISE"": {""vote"": null, ""hits"": []}, ""LF_GAME"": {""vote"": null, ""hits"": []}, ""LF_BRAND"": {""vote"": null, ""hits"": []}, ""LF_HW"": {""vote"": null, ""hits"": [""猫砂盆""]}, ""LF_PET"": {""vote"": null, ""hits"": [""猫"", ""喵""]}, ""LF_SMART"": {""vote"": null, ""hits"": []}, ""LF_SUPPLY"": {""vote"": ""B"", ""hits"": [""猫砂""]}, ""LF_HEALTH"": {""vote"": null, ""hits"": []}, ""LF_A_BRAND_HW"": {""vote"": null, ""hits"": []}, ""LF_A_PET_HW_SMART"": {""vote"": null, ""hits"": []}, ""LF_B_PET_HW_PLAIN"": {""vote"": ""B"", ""hits"": [""猫砂盆""]}, ""LF_C_PET_ONLY"": {""vote"": null, ""hits"": []}}",C,日常vlog,,0.8,,养猫人吐槽异味日常,0.85,C,,
主动(改进用),54,猫砂盆，滂臭味冲天！！！,"猫猫,记录,宠物,生活记录,可爱,高能",129,B,,"{""B"": 2.0, ""C"": 1.5}","{""LF_NOISE"": {""vote"": null, ""hits"": []}, ""LF_GAME"": {""vote"": null, ""hits"": []}, ""LF_BRAND"": {""vote"": null, ""hits"": []}, ""LF_HW"": {""vote"": null, ""hits"": [""猫砂盆""]}, ""LF_PET"": {""vote"": null, ""hits"": [""猫"", ""宠物""]}, ""LF_SMART"": {""vote"": null, ""hits"": []}, ""LF_SUPPLY"": {""vote"": ""B"", ""hits"": [""猫砂""]}, ""LF_HEALTH"": {""vote"": null, ""hits"": []}, ""LF_A_BRAND_HW"": {""vote"": null, ""hits"": []}, ""LF_A_PET_HW_SMART"": {""vote"": null, ""hits"": []}, ""LF_B_PET_HW_PLAIN"": {""vote"": ""B"", ""hits"": [""猫砂盆""]}, ""LF_C_PET_ONLY"": {""vote"": null, ""hits"": []}}",C,日常vlog,,0.8,,猫砂盆臭味生活记录,0.85,C,,
主动(改进用),55,夏天猫砂盆异味严重，亲爱的铲屎官们，你们都是怎么去味的呢？,"生活记录,宠物,猫猫",124,B,,"{""B"": 2.0, ""C"": 1.5}","{""LF_NOISE"": {""vote"": null, ""hits"": []}, ""LF_GAME"": {""vote"": null, ""hits"": []}, ""LF_BRAND"": {""vote"": null, ""hits"": []}, ""LF_HW"": {""vote"": null, ""hits"": [""猫砂盆""]}, ""LF_PET"": {""vote"": null, ""hits"": [""猫"", ""宠物"", ""铲屎""]}, ""LF_SMART"": {""vote"": null, ""hits"": []}, ""LF_SUPPLY"": {""vote"": ""B"", ""hits"": [""猫砂""]}, ""LF_HEALTH"": {""vote"": null, ""hits"": []}, ""LF_A_BRAND_HW"": {""vote"": null, ""hits"": []}, ""LF_A_PET_HW_SMART"": {""vote"": null, ""hits"": []}, ""LF_B_PET_HW_PLAIN"": {""vote"": ""B"", ""hits"": [""猫砂盆""]}, ""LF_C_PET_ONLY"": {""vote"": null, ""hits"": []}}",C,养护科普,,1,1,猫砂盆去味讨论,0.85,C,,
主动(改进用),56,猫砂盆3原则：大厚多,"喵星人,科学养猫,养猫知识,猫砂,田园猫",1954,B,,"{""B"": 2.0, ""C"": 1.5}","{""LF_NOISE"": {""vote"": null, ""hits"": []}, ""LF_GAME"": {""vote"": null, ""hits"": []}, ""LF_BRAND"": {""vote"": null, ""hits"": []}, ""LF_HW"": {""vote"": null, ""hits"": [""猫砂盆""]}, ""LF_PET"": {""vote"": null, ""hits"": [""猫"", ""喵"", ""田园猫""]}, ""LF_SMART"": {""vote"": null, ""hits"": []}, ""LF_SUPPLY"": {""vote"": ""B"", ""hits"": [""猫砂""]}, ""LF_HEALTH"": {""vote"": null, ""hits"": []}, ""LF_A_BRAND_HW"": {""vote"": null, ""hits"": []}, ""LF_A_PET_HW_SMART"": {""vote"": null, ""hits"": []}, ""LF_B_PET_HW_PLAIN"": {""vote"": ""B"", ""hits"": [""猫砂盆""]}, ""LF_C_PET_ONLY"": {""vote"": null, ""hits"": []}}",C,养护科普,,0.8,,猫砂盆选购科普,0.85,C,,
主动(改进用),57,带回家的流浪猫不用猫砂盆，怎么办？,"捡到猫咪,流浪猫,橘猫,动物观察局·万物皆可动物,动物圈达人创作营,动物观察局",28614,B,,"{""B"": 2.0, ""C"": 1.5}","{""LF_NOISE"": {""vote"": null, ""hits"": []}, ""LF_GAME"": {""vote"": null, ""hits"": []}, ""LF_BRAND"": {""vote"": null, ""hits"": []}, ""LF_HW"": {""vote"": null, ""hits"": [""猫砂盆""]}, ""LF_PET"": {""vote"": null, ""hits"": [""猫"", ""猫咪"", ""橘猫""]}, ""LF_SMART"": {""vote"": null, ""hits"": []}, ""LF_SUPPLY"": {""vote"": ""B"", ""hits"": [""猫砂""]}, ""LF_HEALTH"": {""vote"": null, ""hits"": []}, ""LF_A_BRAND_HW"": {""vote"": null, ""hits"": []}, ""LF_A_PET_HW_SMART"": {""vote"": null, ""hits"": []}, ""LF_B_PET_HW_PLAIN"": {""vote"": ""B"", ""hits"": [""猫砂盆""]}, ""LF_C_PET_ONLY"": {""vote"": null, ""hits"": []}}",C,养护科普,,0.8,,流浪猫用猫砂盆问题,0.85,C,,
主动(改进用),58,猫咪为什么忽然喝水变多,"猫咪,张旭动物医院,兽医张旭,多饮多尿,养宠科普,猫咪喝水,宠物医生,宠物医院",610,C,,"{""C"": 1.9, ""B"": 1.5}","{""LF_NOISE"": {""vote"": null, ""hits"": []}, ""LF_GAME"": {""vote"": null, ""hits"": []}, ""LF_BRAND"": {""vote"": null, ""hits"": []}, ""LF_HW"": {""vote"": null, ""hits"": []}, ""LF_PET"": {""vote"": null, ""hits"": [""猫"", ""宠物"", ""养宠"", ""猫咪""]}, ""LF_SMART"": {""vote"": null, ""hits"": []}, ""LF_SUPPLY"": {""vote"": null, ""hits"": []}, ""LF_HEALTH"": {""vote"": ""C"", ""hits"": [""医院""]}, ""LF_A_BRAND_HW"": {""vote"": null, ""hits"": []}, ""LF_A_PET_HW_SMART"": {""vote"": null, ""hits"": []}, ""LF_B_PET_HW_PLAIN"": {""vote"": null, ""hits"": []}, ""LF_C_PET_ONLY"": {""vote"": ""C"", ""hits"": [""猫"", ""宠物"", ""养宠"", ""猫咪""]}}",B,健康医疗,,0.85,,兽医科普多饮多尿,0.85,C,,
主动(改进用),59,猫咪咳嗽不用慌，看完省下大几千！,"宠物医院,猫咪,喵星人",21669,C,,"{""C"": 1.9, ""B"": 1.5}","{""LF_NOISE"": {""vote"": null, ""hits"": []}, ""LF_GAME"": {""vote"": null, ""hits"": []}, ""LF_BRAND"": {""vote"": null, ""hits"": []}, ""LF_HW"": {""vote"": null, ""hits"": []}, ""LF_PET"": {""vote"": null, ""hits"": [""猫"", ""宠物"", ""喵"", ""猫咪""]}, ""LF_SMART"": {""vote"": null, ""hits"": []}, ""LF_SUPPLY"": {""vote"": null, ""hits"": []}, ""LF_HEALTH"": {""vote"": ""C"", ""hits"": [""医院""]}, ""LF_A_BRAND_HW"": {""vote"": null, ""hits"": []}, ""LF_A_PET_HW_SMART"": {""vote"": null, ""hits"": []}, ""LF_B_PET_HW_PLAIN"": {""vote"": null, ""hits"": []}, ""LF_C_PET_ONLY"": {""vote"": ""C"", ""hits"": [""猫"", ""宠物"", ""喵"", ""猫咪""]}}",B,健康医疗,,0.8,,猫咪咳嗽医疗科普,0.85,C,,
主动(改进用),60,90%小猫的潜伏杀手：猫传腹（附救命速查表）,"动物总动员,治疗,科普,喵星人",7139,C,,"{""C"": 1.9, ""B"": 1.5}","{""LF_NOISE"": {""vote"": null, ""hits"": []}, ""LF_GAME"": {""vote"": null, ""hits"": []}, ""LF_BRAND"": {""vote"": null, ""hits"": []}, ""LF_HW"": {""vote"": null, ""hits"": []}, ""LF_PET"": {""vote"": null, ""hits"": [""猫"", ""喵"", ""小猫""]}, ""LF_SMART"": {""vote"": null, ""hits"": []}, ""LF_SUPPLY"": {""vote"": null, ""hits"": []}, ""LF_HEALTH"": {""vote"": ""C"", ""hits"": [""治疗""]}, ""LF_A_BRAND_HW"": {""vote"": null, ""hits"": []}, ""LF_A_PET_HW_SMART"": {""vote"": null, ""hits"": []}, ""LF_B_PET_HW_PLAIN"": {""vote"": null, ""hits"": []}, ""LF_C_PET_ONLY"": {""vote"": ""C"", ""hits"": [""猫"", ""喵"", ""小猫""]}}",B,健康医疗,,0.9,,猫传腹疾病科普,0.85,C,,
主动(改进用),61,猫不喝水，差点要了它的命！,"吸猫,铲屎官,宠物医院,猫生病,猫手术,猫结石,B站动物园开业啦,喵星人,猫治疗,猫咪",1227,C,,"{""C"": 1.9, ""B"": 1.5}","{""LF_NOISE"": {""vote"": null, ""hits"": []}, ""LF_GAME"": {""vote"": null, ""hits"": []}, ""LF_BRAND"": {""vote"": null, ""hits"": []}, ""LF_HW"": {""vote"": null, ""hits"": []}, ""LF_PET"": {""vote"": null, ""hits"": [""猫"", ""宠物"", ""喵"", ""铲屎"", ""猫咪""]}, ""LF_SMART"": {""vote"": null, ""hits"": []}, ""LF_SUPPLY"": {""vote"": null, ""hits"": []}, ""LF_HEALTH"": {""vote"": ""C"", ""hits"": [""生病"", ""医院"", ""治疗""]}, ""LF_A_BRAND_HW"": {""vote"": null, ""hits"": []}, ""LF_A_PET_HW_SMART"": {""vote"": null, ""hits"": []}, ""LF_B_PET_HW_PLAIN"": {""vote"": null, ""hits"": []}, ""LF_C_PET_ONLY"": {""vote"": ""C"", ""hits"": [""猫"", ""宠物"", ""喵"", ""铲屎""]}}",B,健康医疗,,0.85,,猫不喝水致病就医，健康相关,0.85,C,,
主动(改进用),62,猫咪接受不了自己被绝育的事实，委屈惨叫，拒绝喝水吃饭,"猫咪绝育,母猫绝育,动物观察局,动物圈达人创作营,打卡挑战,田园猫绝育",8080,C,,"{""C"": 1.9, ""B"": 1.5}","{""LF_NOISE"": {""vote"": null, ""hits"": []}, ""LF_GAME"": {""vote"": null, ""hits"": []}, ""LF_BRAND"": {""vote"": null, ""hits"": []}, ""LF_HW"": {""vote"": null, ""hits"": []}, ""LF_PET"": {""vote"": null, ""hits"": [""猫"", ""猫咪"", ""田园猫""]}, ""LF_SMART"": {""vote"": null, ""hits"": []}, ""LF_SUPPLY"": {""vote"": null, ""hits"": []}, ""LF_HEALTH"": {""vote"": ""C"", ""hits"": [""绝育""]}, ""LF_A_BRAND_HW"": {""vote"": null, ""hits"": []}, ""LF_A_PET_HW_SMART"": {""vote"": null, ""hits"": []}, ""LF_B_PET_HW_PLAIN"": {""vote"": null, ""hits"": []}, ""LF_C_PET_ONLY"": {""vote"": ""C"", ""hits"": [""猫"", ""猫咪"", ""田园猫""]}}",B,健康医疗,,0.8,,猫咪绝育后健康问题,0.85,C,,
主动(改进用),63,猫泌尿道处方粮需要长期吃吗？,"猫膀胱炎,猫处方粮,猫泌尿道处方粮",9614,C,,"{""C"": 1.9, ""B"": 1.5}","{""LF_NOISE"": {""vote"": null, ""hits"": []}, ""LF_GAME"": {""vote"": null, ""hits"": []}, ""LF_BRAND"": {""vote"": null, ""hits"": []}, ""LF_HW"": {""vote"": null, ""hits"": []}, ""LF_PET"": {""vote"": null, ""hits"": [""猫""]}, ""LF_SMART"": {""vote"": null, ""hits"": []}, ""LF_SUPPLY"": {""vote"": null, ""hits"": []}, ""LF_HEALTH"": {""vote"": ""C"", ""hits"": [""泌尿""]}, ""LF_A_BRAND_HW"": {""vote"": null, ""hits"": []}, ""LF_A_PET_HW_SMART"": {""vote"": null, ""hits"": []}, ""LF_B_PET_HW_PLAIN"": {""vote"": null, ""hits"": []}, ""LF_C_PET_ONLY"": {""vote"": ""C"", ""hits"": [""猫""]}}",B,健康医疗,,0.85,,猫泌尿道处方粮,0.85,C,,
主动(改进用),64,猫居家皮下补液操作教程（细致版）,"猫肾衰,猫尿闭,病猫护理,居家治疗,猫输液,猫疾病科普,猫膀胱炎,猫胰腺炎,猫呕吐,猫脱水",10155,C,,"{""C"": 1.9, ""B"": 1.5}","{""LF_NOISE"": {""vote"": null, ""hits"": []}, ""LF_GAME"": {""vote"": null, ""hits"": []}, ""LF_BRAND"": {""vote"": null, ""hits"": []}, ""LF_HW"": {""vote"": null, ""hits"": []}, ""LF_PET"": {""vote"": null, ""hits"": [""猫""]}, ""LF_SMART"": {""vote"": null, ""hits"": []}, ""LF_SUPPLY"": {""vote"": null, ""hits"": []}, ""LF_HEALTH"": {""vote"": ""C"", ""hits"": [""尿闭"", ""呕吐"", ""疾病"", ""治疗""]}, ""LF_A_BRAND_HW"": {""vote"": null, ""hits"": []}, ""LF_A_PET_HW_SMART"": {""vote"": null, ""hits"": []}, ""LF_B_PET_HW_PLAIN"": {""vote"": null, ""hits"": []}, ""LF_C_PET_ONLY"": {""vote"": ""C"", ""hits"": [""猫""]}}",B,健康医疗,,0.85,,猫皮下补液教程,0.85,C,,
主动(改进用),65,【猫下泌尿道综合征】,"万物研究所,兽医,健康,生物,自然,宠物,科学,宠物医院,学习,医学",788,C,,"{""C"": 1.9, ""B"": 1.5}","{""LF_NOISE"": {""vote"": null, ""hits"": []}, ""LF_GAME"": {""vote"": null, ""hits"": []}, ""LF_BRAND"": {""vote"": null, ""hits"": []}, ""LF_HW"": {""vote"": null, ""hits"": []}, ""LF_PET"": {""vote"": null, ""hits"": [""猫"", ""宠物""]}, ""LF_SMART"": {""vote"": null, ""hits"": []}, ""LF_SUPPLY"": {""vote"": null, ""hits"": []}, ""LF_HEALTH"": {""vote"": ""C"", ""hits"": [""泌尿"", ""医院""]}, ""LF_A_BRAND_HW"": {""vote"": null, ""hits"": []}, ""LF_A_PET_HW_SMART"": {""vote"": null, ""hits"": []}, ""LF_B_PET_HW_PLAIN"": {""vote"": null, ""hits"": []}, ""LF_C_PET_ONLY"": {""vote"": ""C"", ""hits"": [""猫"", ""宠物""]}}",B,健康医疗,,0.9,,猫下泌尿道综合征科普,0.85,C,,
主动(改进用),66,猫特发性膀胱炎（FIC）如何使用镇痛剂？快来听郭志胜老师的猫下泌尿道疾病系列课程啦！,"兽医,宠物医生",423,C,,"{""C"": 1.9, ""B"": 1.5}","{""LF_NOISE"": {""vote"": null, ""hits"": []}, ""LF_GAME"": {""vote"": null, ""hits"": []}, ""LF_BRAND"": {""vote"": null, ""hits"": []}, ""LF_HW"": {""vote"": null, ""hits"": []}, ""LF_PET"": {""vote"": null, ""hits"": [""猫"", ""宠物""]}, ""LF_SMART"": {""vote"": null, ""hits"": []}, ""LF_SUPPLY"": {""vote"": null, ""hits"": []}, ""LF_HEALTH"": {""vote"": ""C"", ""hits"": [""泌尿"", ""疾病""]}, ""LF_A_BRAND_HW"": {""vote"": null, ""hits"": []}, ""LF_A_PET_HW_SMART"": {""vote"": null, ""hits"": []}, ""LF_B_PET_HW_PLAIN"": {""vote"": null, ""hits"": []}, ""LF_C_PET_ONLY"": {""vote"": ""C"", ""hits"": [""猫"", ""宠物""]}}",B,健康医疗,,0.9,,兽医课程疾病治疗,0.85,C,,
主动(改进用),67,猫下泌尿道病，别再叫FLUTD,"猫咪泌尿,猫泌尿系统,兽医临床,猫咪健康,FIC",297,C,,"{""C"": 1.9, ""B"": 1.5}","{""LF_NOISE"": {""vote"": null, ""hits"": []}, ""LF_GAME"": {""vote"": null, ""hits"": []}, ""LF_BRAND"": {""vote"": null, ""hits"": []}, ""LF_HW"": {""vote"": null, ""hits"": []}, ""LF_PET"": {""vote"": null, ""hits"": [""猫"", ""猫咪""]}, ""LF_SMART"": {""vote"": null, ""hits"": []}, ""LF_SUPPLY"": {""vote"": null, ""hits"": []}, ""LF_HEALTH"": {""vote"": ""C"", ""hits"": [""泌尿""]}, ""LF_A_BRAND_HW"": {""vote"": null, ""hits"": []}, ""LF_A_PET_HW_SMART"": {""vote"": null, ""hits"": []}, ""LF_B_PET_HW_PLAIN"": {""vote"": null, ""hits"": []}, ""LF_C_PET_ONLY"": {""vote"": ""C"", ""hits"": [""猫"", ""猫咪""]}}",B,健康医疗,,0.9,,猫泌尿疾病科普,0.85,C,,
主动(改进用),68,猫咪尿闭？这些重点你知道吗？,"养猫注意事项,猫咪补水,喵星人,动物总动员,动物总动员7.0-养宠的快乐瞬间,公猫尿闭,新手养猫",10523,C,,"{""C"": 1.9, ""B"": 1.5}","{""LF_NOISE"": {""vote"": null, ""hits"": []}, ""LF_GAME"": {""vote"": null, ""hits"": []}, ""LF_BRAND"": {""vote"": null, ""hits"": []}, ""LF_HW"": {""vote"": null, ""hits"": []}, ""LF_PET"": {""vote"": null, ""hits"": [""猫"", ""喵"", ""养宠"", ""猫咪""]}, ""LF_SMART"": {""vote"": null, ""hits"": []}, ""LF_SUPPLY"": {""vote"": null, ""hits"": []}, ""LF_HEALTH"": {""vote"": ""C"", ""hits"": [""尿闭""]}, ""LF_A_BRAND_HW"": {""vote"": null, ""hits"": []}, ""LF_A_PET_HW_SMART"": {""vote"": null, ""hits"": []}, ""LF_B_PET_HW_PLAIN"": {""vote"": null, ""hits"": []}, ""LF_C_PET_ONLY"": {""vote"": ""C"", ""hits"": [""猫"", ""喵"", ""养宠"", ""猫咪""]}}",B,健康医疗,,0.9,,猫尿闭健康科普,0.85,C,,
主动(改进用),69,公猫尿闭导尿,"手术室日常,尿闭,导尿,宠物医生,宠物医院,兽医",38232,C,,"{""C"": 1.9, ""B"": 1.5}","{""LF_NOISE"": {""vote"": null, ""hits"": []}, ""LF_GAME"": {""vote"": null, ""hits"": []}, ""LF_BRAND"": {""vote"": null, ""hits"": []}, ""LF_HW"": {""vote"": null, ""hits"": []}, ""LF_PET"": {""vote"": null, ""hits"": [""猫"", ""宠物""]}, ""LF_SMART"": {""vote"": null, ""hits"": []}, ""LF_SUPPLY"": {""vote"": null, ""hits"": []}, ""LF_HEALTH"": {""vote"": ""C"", ""hits"": [""尿闭"", ""医院""]}, ""LF_A_BRAND_HW"": {""vote"": null, ""hits"": []}, ""LF_A_PET_HW_SMART"": {""vote"": null, ""hits"": []}, ""LF_B_PET_HW_PLAIN"": {""vote"": null, ""hits"": []}, ""LF_C_PET_ONLY"": {""vote"": ""C"", ""hits"": [""猫"", ""宠物""]}}",B,健康医疗,,0.9,,公猫尿闭导尿医疗,0.85,C,,
主动(改进用),70,为什么80%的猫都会得这种病？兽医详解猫下泌尿道综合征（FLUTD）- 干货预警,"橘猫,猫片,云吸猫,踩奶,兽医,铲屎官,动物观察局,猫,小奶猫,中华田园猫",69945,C,,"{""C"": 1.9, ""B"": 1.5}","{""LF_NOISE"": {""vote"": null, ""hits"": []}, ""LF_GAME"": {""vote"": null, ""hits"": []}, ""LF_BRAND"": {""vote"": null, ""hits"": []}, ""LF_HW"": {""vote"": null, ""hits"": []}, ""LF_PET"": {""vote"": null, ""hits"": [""猫"", ""铲屎"", ""橘猫"", ""田园猫""]}, ""LF_SMART"": {""vote"": null, ""hits"": []}, ""LF_SUPPLY"": {""vote"": null, ""hits"": []}, ""LF_HEALTH"": {""vote"": ""C"", ""hits"": [""泌尿""]}, ""LF_A_BRAND_HW"": {""vote"": null, ""hits"": []}, ""LF_A_PET_HW_SMART"": {""vote"": null, ""hits"": []}, ""LF_B_PET_HW_PLAIN"": {""vote"": null, ""hits"": []}, ""LF_C_PET_ONLY"": {""vote"": ""C"", ""hits"": [""猫"", ""铲屎"", ""橘猫"", ""田园猫""]}}",B,健康医疗,,0.9,,FLUTD兽医科普,0.85,C,,
主动(改进用),71,7月龄公猫尿闭尿道、肾盂显著扩张非常典型的超声影像#兽医 #超声影像 #宠物医院 #宠物医生 #猫生病,"2023了不起的小动物,猫下泌尿道综合征,喵星人,猫生病,猫尿闭,宠物医院,尿闭,兽医,宠物医生,2023热门年度盘点",466,C,,"{""C"": 1.9, ""B"": 1.5}","{""LF_NOISE"": {""vote"": null, ""hits"": []}, ""LF_GAME"": {""vote"": null, ""hits"": []}, ""LF_BRAND"": {""vote"": null, ""hits"": []}, ""LF_HW"": {""vote"": null, ""hits"": []}, ""LF_PET"": {""vote"": null, ""hits"": [""猫"", ""宠物"", ""喵""]}, ""LF_SMART"": {""vote"": null, ""hits"": []}, ""LF_SUPPLY"": {""vote"": null, ""hits"": []}, ""LF_HEALTH"": {""vote"": ""C"", ""hits"": [""泌尿"", ""尿闭"", ""生病"", ""医院""]}, ""LF_A_BRAND_HW"": {""vote"": null, ""hits"": []}, ""LF_A_PET_HW_SMART"": {""vote"": null, ""hits"": []}, ""LF_B_PET_HW_PLAIN"": {""vote"": null, ""hits"": []}, ""LF_C_PET_ONLY"": {""vote"": ""C"", ""hits"": [""猫"", ""宠物"", ""喵""]}}",B,健康医疗,,0.9,,猫尿闭超声影像,0.85,C,,
主动(改进用),72,公猫切蛋蛋手术全流程，一刀未剪原声大片！,"喵星人,猫去势,猫绝育,去势,公猫,蛋蛋",273729,C,,"{""C"": 1.9, ""B"": 1.5}","{""LF_NOISE"": {""vote"": null, ""hits"": []}, ""LF_GAME"": {""vote"": null, ""hits"": []}, ""LF_BRAND"": {""vote"": null, ""hits"": []}, ""LF_HW"": {""vote"": null, ""hits"": []}, ""LF_PET"": {""vote"": null, ""hits"": [""猫"", ""喵""]}, ""LF_SMART"": {""vote"": null, ""hits"": []}, ""LF_SUPPLY"": {""vote"": null, ""hits"": []}, ""LF_HEALTH"": {""vote"": ""C"", ""hits"": [""绝育""]}, ""LF_A_BRAND_HW"": {""vote"": null, ""hits"": []}, ""LF_A_PET_HW_SMART"": {""vote"": null, ""hits"": []}, ""LF_B_PET_HW_PLAIN"": {""vote"": null, ""hits"": []}, ""LF_C_PET_ONLY"": {""vote"": ""C"", ""hits"": [""猫"", ""喵""]}}",B,健康医疗,,0.85,,公猫绝育手术,0.85,C,,
主动(改进用),73,养猫“智商税”产品第四期：蔓越莓｜真的能呵护泌尿道吗？,"宠物泌尿道产品,养宠健康,宠物蔓越莓,养猫健康,猫咪泌尿道,养猫智商税,宠物医生",154,C,,"{""C"": 1.9, ""B"": 1.5}","{""LF_NOISE"": {""vote"": null, ""hits"": []}, ""LF_GAME"": {""vote"": null, ""hits"": []}, ""LF_BRAND"": {""vote"": null, ""hits"": []}, ""LF_HW"": {""vote"": null, ""hits"": []}, ""LF_PET"": {""vote"": null, ""hits"": [""猫"", ""宠物"", ""养宠"", ""猫咪""]}, ""LF_SMART"": {""vote"": null, ""hits"": []}, ""LF_SUPPLY"": {""vote"": null, ""hits"": []}, ""LF_HEALTH"": {""vote"": ""C"", ""hits"": [""泌尿""]}, ""LF_A_BRAND_HW"": {""vote"": null, ""hits"": []}, ""LF_A_PET_HW_SMART"": {""vote"": null, ""hits"": []}, ""LF_B_PET_HW_PLAIN"": {""vote"": null, ""hits"": []}, ""LF_C_PET_ONLY"": {""vote"": ""C"", ""hits"": [""猫"", ""宠物"", ""养宠"", ""猫咪""]}}",B,耗材日用,,0.85,,蔓越莓泌尿道产品测评,0.85,C,C,
主动(改进用),74,猫咪尿闭，结晶堵塞尿道，紧急导尿。,"猫咪尿闭,尿闭,导尿,猫咪,喵星人",754,C,,"{""C"": 1.9, ""B"": 1.5}","{""LF_NOISE"": {""vote"": null, ""hits"": []}, ""LF_GAME"": {""vote"": null, ""hits"": []}, ""LF_BRAND"": {""vote"": null, ""hits"": []}, ""LF_HW"": {""vote"": null, ""hits"": []}, ""LF_PET"": {""vote"": null, ""hits"": [""猫"", ""喵"", ""猫咪""]}, ""LF_SMART"": {""vote"": null, ""hits"": []}, ""LF_SUPPLY"": {""vote"": null, ""hits"": []}, ""LF_HEALTH"": {""vote"": ""C"", ""hits"": [""尿闭""]}, ""LF_A_BRAND_HW"": {""vote"": null, ""hits"": []}, ""LF_A_PET_HW_SMART"": {""vote"": null, ""hits"": []}, ""LF_B_PET_HW_PLAIN"": {""vote"": null, ""hits"": []}, ""LF_C_PET_ONLY"": {""vote"": ""C"", ""hits"": [""猫"", ""喵"", ""猫咪""]}}",B,健康医疗,,0.9,,猫尿闭紧急导尿,0.85,C,,
主动(改进用),75,猫咪尿道造口手术,"医院,医生,猫猫",3797,C,,"{""C"": 1.9, ""B"": 1.5}","{""LF_NOISE"": {""vote"": null, ""hits"": []}, ""LF_GAME"": {""vote"": null, ""hits"": []}, ""LF_BRAND"": {""vote"": null, ""hits"": []}, ""LF_HW"": {""vote"": null, ""hits"": []}, ""LF_PET"": {""vote"": null, ""hits"": [""猫"", ""猫咪""]}, ""LF_SMART"": {""vote"": null, ""hits"": []}, ""LF_SUPPLY"": {""vote"": null, ""hits"": []}, ""LF_HEALTH"": {""vote"": ""C"", ""hits"": [""医院""]}, ""LF_A_BRAND_HW"": {""vote"": null, ""hits"": []}, ""LF_A_PET_HW_SMART"": {""vote"": null, ""hits"": []}, ""LF_B_PET_HW_PLAIN"": {""vote"": null, ""hits"": []}, ""LF_C_PET_ONLY"": {""vote"": ""C"", ""hits"": [""猫"", ""猫咪""]}}",B,健康医疗,,0.9,,尿道造口手术，健康医疗,0.85,C,,
主动(改进用),76,猫咪突发尿频漏尿原因和治疗方法,"猫猫,猫咪漏尿",3854,C,,"{""C"": 1.9, ""B"": 1.5}","{""LF_NOISE"": {""vote"": null, ""hits"": []}, ""LF_GAME"": {""vote"": null, ""hits"": []}, ""LF_BRAND"": {""vote"": null, ""hits"": []}, ""LF_HW"": {""vote"": null, ""hits"": []}, ""LF_PET"": {""vote"": null, ""hits"": [""猫"", ""猫咪""]}, ""LF_SMART"": {""vote"": null, ""hits"": []}, ""LF_SUPPLY"": {""vote"": null, ""hits"": []}, ""LF_HEALTH"": {""vote"": ""C"", ""hits"": [""治疗""]}, ""LF_A_BRAND_HW"": {""vote"": null, ""hits"": []}, ""LF_A_PET_HW_SMART"": {""vote"": null, ""hits"": []}, ""LF_B_PET_HW_PLAIN"": {""vote"": null, ""hits"": []}, ""LF_C_PET_ONLY"": {""vote"": ""C"", ""hits"": [""猫"", ""猫咪""]}}",B,健康医疗,,0.9,,尿频漏尿治疗,0.85,C,,
主动(改进用),77,猫导尿操作技术,"宠物医疗,猫,动物,宠物医院",23509,C,,"{""C"": 1.9, ""B"": 1.5}","{""LF_NOISE"": {""vote"": null, ""hits"": []}, ""LF_GAME"": {""vote"": null, ""hits"": []}, ""LF_BRAND"": {""vote"": null, ""hits"": []}, ""LF_HW"": {""vote"": null, ""hits"": []}, ""LF_PET"": {""vote"": null, ""hits"": [""猫"", ""宠物""]}, ""LF_SMART"": {""vote"": null, ""hits"": []}, ""LF_SUPPLY"": {""vote"": null, ""hits"": []}, ""LF_HEALTH"": {""vote"": ""C"", ""hits"": [""医院""]}, ""LF_A_BRAND_HW"": {""vote"": null, ""hits"": []}, ""LF_A_PET_HW_SMART"": {""vote"": null, ""hits"": []}, ""LF_B_PET_HW_PLAIN"": {""vote"": null, ""hits"": []}, ""LF_C_PET_ONLY"": {""vote"": ""C"", ""hits"": [""猫"", ""宠物""]}}",B,健康医疗,,0.9,,导尿操作技术,0.85,C,,
主动(改进用),78,知道你家不缺猫饭，但是这个羊毛一定得薅,"喵星人,老年猫饭,益顿泌尿处方猫饭,益顿肾脏处方猫饭,肾衰猫咪,益顿猫饭,益顿湿粮,益顿,养猫,猫饭",6792,C,,"{""C"": 1.9, ""B"": 1.5}","{""LF_NOISE"": {""vote"": null, ""hits"": []}, ""LF_GAME"": {""vote"": null, ""hits"": []}, ""LF_BRAND"": {""vote"": null, ""hits"": []}, ""LF_HW"": {""vote"": null, ""hits"": []}, ""LF_PET"": {""vote"": null, ""hits"": [""猫"", ""喵"", ""猫咪""]}, ""LF_SMART"": {""vote"": null, ""hits"": []}, ""LF_SUPPLY"": {""vote"": null, ""hits"": []}, ""LF_HEALTH"": {""vote"": ""C"", ""hits"": [""泌尿""]}, ""LF_A_BRAND_HW"": {""vote"": null, ""hits"": []}, ""LF_A_PET_HW_SMART"": {""vote"": null, ""hits"": []}, ""LF_B_PET_HW_PLAIN"": {""vote"": null, ""hits"": []}, ""LF_C_PET_ONLY"": {""vote"": ""C"", ""hits"": [""猫"", ""喵"", ""猫咪""]}}",B,耗材日用,,0.85,,处方猫饭，耗材,0.85,C,B,
主动(改进用),79,【华兽医的工作vlog】——猫下泌尿道综合征,"兽医,萌宠,VLOG的一百种可能,宠物医生",6622,C,,"{""C"": 1.9, ""B"": 1.5}","{""LF_NOISE"": {""vote"": null, ""hits"": []}, ""LF_GAME"": {""vote"": null, ""hits"": []}, ""LF_BRAND"": {""vote"": null, ""hits"": []}, ""LF_HW"": {""vote"": null, ""hits"": []}, ""LF_PET"": {""vote"": null, ""hits"": [""猫"", ""宠物""]}, ""LF_SMART"": {""vote"": null, ""hits"": []}, ""LF_SUPPLY"": {""vote"": null, ""hits"": []}, ""LF_HEALTH"": {""vote"": ""C"", ""hits"": [""泌尿""]}, ""LF_A_BRAND_HW"": {""vote"": null, ""hits"": []}, ""LF_A_PET_HW_SMART"": {""vote"": null, ""hits"": []}, ""LF_B_PET_HW_PLAIN"": {""vote"": null, ""hits"": []}, ""LF_C_PET_ONLY"": {""vote"": ""C"", ""hits"": [""猫"", ""宠物""]}}",B,健康医疗,,0.9,,兽医vlog，泌尿疾病,0.85,C,,
主动(改进用),80,修猫，尿路通畅的代价是没有00和JJ了哦！宠物医生记录大脸猫尿道造口手术全过程,"宠物医生,猫下泌尿道综合征,猫尿闭,宠物手术,必剪创作,猫尿道造口,星计划",6583,C,,"{""C"": 1.9, ""B"": 1.5}","{""LF_NOISE"": {""vote"": null, ""hits"": []}, ""LF_GAME"": {""vote"": null, ""hits"": []}, ""LF_BRAND"": {""vote"": null, ""hits"": []}, ""LF_HW"": {""vote"": null, ""hits"": []}, ""LF_PET"": {""vote"": null, ""hits"": [""猫"", ""宠物""]}, ""LF_SMART"": {""vote"": null, ""hits"": []}, ""LF_SUPPLY"": {""vote"": null, ""hits"": []}, ""LF_HEALTH"": {""vote"": ""C"", ""hits"": [""泌尿"", ""尿闭""]}, ""LF_A_BRAND_HW"": {""vote"": null, ""hits"": []}, ""LF_A_PET_HW_SMART"": {""vote"": null, ""hits"": []}, ""LF_B_PET_HW_PLAIN"": {""vote"": null, ""hits"": []}, ""LF_C_PET_ONLY"": {""vote"": ""C"", ""hits"": [""猫"", ""宠物""]}}",B,健康医疗,,0.9,,尿道造口手术记录,0.85,C,,
主动(改进用),81,猫咪应激易泌尿闹毛病，试试它,"猫猫,猫咪,喵星人,毛茸茸的聚会,卫仕,养猫,嘘嘘",6482,C,,"{""C"": 1.9, ""B"": 1.5}","{""LF_NOISE"": {""vote"": null, ""hits"": []}, ""LF_GAME"": {""vote"": null, ""hits"": []}, ""LF_BRAND"": {""vote"": null, ""hits"": []}, ""LF_HW"": {""vote"": null, ""hits"": []}, ""LF_PET"": {""vote"": null, ""hits"": [""猫"", ""喵"", ""猫咪""]}, ""LF_SMART"": {""vote"": null, ""hits"": []}, ""LF_SUPPLY"": {""vote"": null, ""hits"": []}, ""LF_HEALTH"": {""vote"": ""C"", ""hits"": [""泌尿""]}, ""LF_A_BRAND_HW"": {""vote"": null, ""hits"": []}, ""LF_A_PET_HW_SMART"": {""vote"": null, ""hits"": []}, ""LF_B_PET_HW_PLAIN"": {""vote"": null, ""hits"": []}, ""LF_C_PET_ONLY"": {""vote"": ""C"", ""hits"": [""猫"", ""喵"", ""猫咪""]}}",B,耗材日用,,0.8,,卫仕泌尿产品，耗材,0.85,C,,
主动(改进用),82,一只大橘猫得了泌尿系统疾病，主人火急火燎的送来医院，紧张坏了，说比自己生病还着急，可怜天下主子心,"猫咪,橘猫,动物圈,猫,宠物医院,日常,bilibili新星计划,萌宠,宠物,vlog",5769,C,,"{""C"": 1.9, ""B"": 1.5}","{""LF_NOISE"": {""vote"": null, ""hits"": []}, ""LF_GAME"": {""vote"": null, ""hits"": []}, ""LF_BRAND"": {""vote"": null, ""hits"": []}, ""LF_HW"": {""vote"": null, ""hits"": []}, ""LF_PET"": {""vote"": null, ""hits"": [""猫"", ""宠物"", ""主子"", ""猫咪"", ""橘猫""]}, ""LF_SMART"": {""vote"": null, ""hits"": []}, ""LF_SUPPLY"": {""vote"": null, ""hits"": []}, ""LF_HEALTH"": {""vote"": ""C"", ""hits"": [""泌尿"", ""生病"", ""医院"", ""疾病""]}, ""LF_A_BRAND_HW"": {""vote"": null, ""hits"": []}, ""LF_A_PET_HW_SMART"": {""vote"": null, ""hits"": []}, ""LF_B_PET_HW_PLAIN"": {""vote"": null, ""hits"": []}, ""LF_C_PET_ONLY"": {""vote"": ""C"", ""hits"": [""猫"", ""宠物"", ""主子"", ""猫咪""]}}",B,健康医疗,,0.9,,泌尿疾病就医vlog,0.85,C,,
主动(改进用),83,猫肾结石（尿路结石中的一种）：草酸钙结石、鸟粪石，为什么肾结石不能吃泌尿道处方粮？,"喵星人,磷酸铵镁结晶,猫咪,泌尿道处方粮,草酸钙结石,喵哩汪哩喂它“恰饭”,猫尿路结石,猫肾结石,鸟粪石",5415,C,,"{""C"": 1.9, ""B"": 1.5}","{""LF_NOISE"": {""vote"": null, ""hits"": []}, ""LF_GAME"": {""vote"": null, ""hits"": []}, ""LF_BRAND"": {""vote"": null, ""hits"": []}, ""LF_HW"": {""vote"": null, ""hits"": []}, ""LF_PET"": {""vote"": null, ""hits"": [""猫"", ""喵"", ""汪"", ""猫咪""]}, ""LF_SMART"": {""vote"": null, ""hits"": []}, ""LF_SUPPLY"": {""vote"": null, ""hits"": []}, ""LF_HEALTH"": {""vote"": ""C"", ""hits"": [""泌尿""]}, ""LF_A_BRAND_HW"": {""vote"": null, ""hits"": []}, ""LF_A_PET_HW_SMART"": {""vote"": null, ""hits"": []}, ""LF_B_PET_HW_PLAIN"": {""vote"": null, ""hits"": []}, ""LF_C_PET_ONLY"": {""vote"": ""C"", ""hits"": [""猫"", ""喵"", ""汪"", ""猫咪""]}}",B,健康医疗,,0.85,,肾结石与处方粮,0.85,C,C,
主动(改进用),84,猫尿频尿闭泌尿道检查思路及价格参考,"动物观察局·春节故事,动物观察局,暹罗猫,尿闭,结石,尿频,猫",5039,C,,"{""C"": 1.9, ""B"": 1.5}","{""LF_NOISE"": {""vote"": null, ""hits"": []}, ""LF_GAME"": {""vote"": null, ""hits"": []}, ""LF_BRAND"": {""vote"": null, ""hits"": []}, ""LF_HW"": {""vote"": null, ""hits"": []}, ""LF_PET"": {""vote"": null, ""hits"": [""猫""]}, ""LF_SMART"": {""vote"": null, ""hits"": []}, ""LF_SUPPLY"": {""vote"": null, ""hits"": []}, ""LF_HEALTH"": {""vote"": ""C"", ""hits"": [""泌尿"", ""尿闭""]}, ""LF_A_BRAND_HW"": {""vote"": null, ""hits"": []}, ""LF_A_PET_HW_SMART"": {""vote"": null, ""hits"": []}, ""LF_B_PET_HW_PLAIN"": {""vote"": null, ""hits"": []}, ""LF_C_PET_ONLY"": {""vote"": ""C"", ""hits"": [""猫""]}}",B,健康医疗,,0.85,,泌尿道检查价格,0.85,C,,
主动(改进用),85,肾猫吃饭难题解决！益顿处方猫饭 0.36% 低磷减轻肾脏负担,"喵星人,老年猫饭,益顿泌尿处方猫饭,益顿肾脏处方猫饭,肾衰猫咪,益顿猫饭,益顿湿粮,益顿,养猫,猫饭",4698,C,,"{""C"": 1.9, ""B"": 1.5}","{""LF_NOISE"": {""vote"": null, ""hits"": []}, ""LF_GAME"": {""vote"": null, ""hits"": []}, ""LF_BRAND"": {""vote"": null, ""hits"": []}, ""LF_HW"": {""vote"": null, ""hits"": []}, ""LF_PET"": {""vote"": null, ""hits"": [""猫"", ""喵"", ""猫咪""]}, ""LF_SMART"": {""vote"": null, ""hits"": []}, ""LF_SUPPLY"": {""vote"": null, ""hits"": []}, ""LF_HEALTH"": {""vote"": ""C"", ""hits"": [""泌尿""]}, ""LF_A_BRAND_HW"": {""vote"": null, ""hits"": []}, ""LF_A_PET_HW_SMART"": {""vote"": null, ""hits"": []}, ""LF_B_PET_HW_PLAIN"": {""vote"": null, ""hits"": []}, ""LF_C_PET_ONLY"": {""vote"": ""C"", ""hits"": [""猫"", ""喵"", ""猫咪""]}}",B,耗材日用,,0.85,,处方猫饭，耗材,0.85,C,C,
主动(改进用),86,猫咪尿闭饮食要注意，教你选对泌尿处方粮,"尿闭,喵星人,养猫,处方粮,公猫,猫咪,科普,澳龙",4590,C,,"{""C"": 1.9, ""B"": 1.5}","{""LF_NOISE"": {""vote"": null, ""hits"": []}, ""LF_GAME"": {""vote"": null, ""hits"": []}, ""LF_BRAND"": {""vote"": null, ""hits"": []}, ""LF_HW"": {""vote"": null, ""hits"": []}, ""LF_PET"": {""vote"": null, ""hits"": [""猫"", ""喵"", ""猫咪""]}, ""LF_SMART"": {""vote"": null, ""hits"": []}, ""LF_SUPPLY"": {""vote"": null, ""hits"": []}, ""LF_HEALTH"": {""vote"": ""C"", ""hits"": [""泌尿"", ""尿闭""]}, ""LF_A_BRAND_HW"": {""vote"": null, ""hits"": []}, ""LF_A_PET_HW_SMART"": {""vote"": null, ""hits"": []}, ""LF_B_PET_HW_PLAIN"": {""vote"": null, ""hits"": []}, ""LF_C_PET_ONLY"": {""vote"": ""C"", ""hits"": [""猫"", ""喵"", ""猫咪""]}}",B,耗材日用,,0.85,,泌尿处方粮选购,0.85,C,C,
主动(改进用),87,【实操向】如何摸猫膀胱鉴别尿闭？How to Tell if Your Cat Has a Bladder Infection,"科普,猫,YOUTUBE搬运,动物圈,铲屎官",49424,C,,"{""C"": 1.9, ""B"": 1.5}","{""LF_NOISE"": {""vote"": null, ""hits"": []}, ""LF_GAME"": {""vote"": null, ""hits"": []}, ""LF_BRAND"": {""vote"": null, ""hits"": []}, ""LF_HW"": {""vote"": null, ""hits"": []}, ""LF_PET"": {""vote"": null, ""hits"": [""猫"", ""铲屎""]}, ""LF_SMART"": {""vote"": null, ""hits"": []}, ""LF_SUPPLY"": {""vote"": null, ""hits"": []}, ""LF_HEALTH"": {""vote"": ""C"", ""hits"": [""尿闭""]}, ""LF_A_BRAND_HW"": {""vote"": null, ""hits"": []}, ""LF_A_PET_HW_SMART"": {""vote"": null, ""hits"": []}, ""LF_B_PET_HW_PLAIN"": {""vote"": null, ""hits"": []}, ""LF_C_PET_ONLY"": {""vote"": ""C"", ""hits"": [""猫"", ""铲屎""]}}",B,健康医疗,,0.85,,猫膀胱尿闭鉴别科普,0.85,C,,
主动(改进用),88,猫咪尿闭治疗全过程｜花费金额｜日常保养&amp;防治｜猫咪应激导致尿闭？｜*FIC猫咪自发性膀胱炎*,"猫咪尿闭,FIC自发性膀胱炎,打卡挑战,动物圈达人创作营,动物观察局·万物皆可动物,动物观察局,治疗",16231,C,,"{""C"": 1.9, ""B"": 1.5}","{""LF_NOISE"": {""vote"": null, ""hits"": []}, ""LF_GAME"": {""vote"": null, ""hits"": []}, ""LF_BRAND"": {""vote"": null, ""hits"": []}, ""LF_HW"": {""vote"": null, ""hits"": []}, ""LF_PET"": {""vote"": null, ""hits"": [""猫"", ""猫咪""]}, ""LF_SMART"": {""vote"": null, ""hits"": []}, ""LF_SUPPLY"": {""vote"": null, ""hits"": []}, ""LF_HEALTH"": {""vote"": ""C"", ""hits"": [""尿闭"", ""治疗""]}, ""LF_A_BRAND_HW"": {""vote"": null, ""hits"": []}, ""LF_A_PET_HW_SMART"": {""vote"": null, ""hits"": []}, ""LF_B_PET_HW_PLAIN"": {""vote"": null, ""hits"": []}, ""LF_C_PET_ONLY"": {""vote"": ""C"", ""hits"": [""猫"", ""猫咪""]}}",B,健康医疗,,0.85,,猫咪尿闭治疗保养,0.85,C,,
主动(改进用),89,宠物猫狗肾结石医案，尿闭/尿血,"分享我的专业知识,萌宠,科普,喵星人,必剪创作,尿闭,肾结石,宠物猫,兽医,宠物狗",440,C,,"{""C"": 1.9, ""B"": 1.5}","{""LF_NOISE"": {""vote"": null, ""hits"": []}, ""LF_GAME"": {""vote"": null, ""hits"": []}, ""LF_BRAND"": {""vote"": null, ""hits"": []}, ""LF_HW"": {""vote"": null, ""hits"": []}, ""LF_PET"": {""vote"": null, ""hits"": [""猫"", ""狗"", ""宠物"", ""喵""]}, ""LF_SMART"": {""vote"": null, ""hits"": []}, ""LF_SUPPLY"": {""vote"": null, ""hits"": []}, ""LF_HEALTH"": {""vote"": ""C"", ""hits"": [""尿闭""]}, ""LF_A_BRAND_HW"": {""vote"": null, ""hits"": []}, ""LF_A_PET_HW_SMART"": {""vote"": null, ""hits"": []}, ""LF_B_PET_HW_PLAIN"": {""vote"": null, ""hits"": []}, ""LF_C_PET_ONLY"": {""vote"": ""C"", ""hits"": [""猫"", ""狗"", ""宠物"", ""喵""]}}",B,健康医疗,,0.85,,宠物肾结石尿闭医案,0.85,C,,
主动(改进用),90,猫咪压力大总舔秃自己？试试这袋舒缓粮，慢慢就不焦虑了。,"澳龙,健康,猫咪,喵星人,橘猫,养猫,补水,泌尿,肥猫,宠物",373,C,,"{""C"": 1.9, ""B"": 1.5}","{""LF_NOISE"": {""vote"": null, ""hits"": []}, ""LF_GAME"": {""vote"": null, ""hits"": []}, ""LF_BRAND"": {""vote"": null, ""hits"": []}, ""LF_HW"": {""vote"": null, ""hits"": []}, ""LF_PET"": {""vote"": null, ""hits"": [""猫"", ""宠物"", ""喵"", ""猫咪"", ""橘猫""]}, ""LF_SMART"": {""vote"": null, ""hits"": []}, ""LF_SUPPLY"": {""vote"": null, ""hits"": []}, ""LF_HEALTH"": {""vote"": ""C"", ""hits"": [""泌尿""]}, ""LF_A_BRAND_HW"": {""vote"": null, ""hits"": []}, ""LF_A_PET_HW_SMART"": {""vote"": null, ""hits"": []}, ""LF_B_PET_HW_PLAIN"": {""vote"": null, ""hits"": []}, ""LF_C_PET_ONLY"": {""vote"": ""C"", ""hits"": [""猫"", ""宠物"", ""喵"", ""猫咪""]}}",B,耗材日用,,0.9,,舒缓猫粮属耗材,0.85,C,B,
主动(改进用),91,如果家里猫咪不爱喝水，频繁跑厕所，咋们铲屎官可得注意了,"澳龙,橘猫,健康,养猫,补水,泌尿,肥猫,宠物,猫咪,喵星人",1016,C,,"{""C"": 1.9, ""B"": 1.5}","{""LF_NOISE"": {""vote"": null, ""hits"": []}, ""LF_GAME"": {""vote"": null, ""hits"": []}, ""LF_BRAND"": {""vote"": null, ""hits"": []}, ""LF_HW"": {""vote"": null, ""hits"": []}, ""LF_PET"": {""vote"": null, ""hits"": [""猫"", ""宠物"", ""喵"", ""铲屎"", ""猫咪"", ""橘猫""]}, ""LF_SMART"": {""vote"": null, ""hits"": []}, ""LF_SUPPLY"": {""vote"": null, ""hits"": []}, ""LF_HEALTH"": {""vote"": ""C"", ""hits"": [""泌尿""]}, ""LF_A_BRAND_HW"": {""vote"": null, ""hits"": []}, ""LF_A_PET_HW_SMART"": {""vote"": null, ""hits"": []}, ""LF_B_PET_HW_PLAIN"": {""vote"": null, ""hits"": []}, ""LF_C_PET_ONLY"": {""vote"": ""C"", ""hits"": [""猫"", ""宠物"", ""喵"", ""铲屎""]}}",B,健康医疗,,0.8,,猫咪泌尿健康科普,0.85,C,,
主动(改进用),92,在家是大哥，出门是怂包！,"健康,澳龙,橘猫,猫咪,喵星人,养猫,补水,泌尿,肥猫,宠物",2182,C,,"{""C"": 1.9, ""B"": 1.5}","{""LF_NOISE"": {""vote"": null, ""hits"": []}, ""LF_GAME"": {""vote"": null, ""hits"": []}, ""LF_BRAND"": {""vote"": null, ""hits"": []}, ""LF_HW"": {""vote"": null, ""hits"": []}, ""LF_PET"": {""vote"": null, ""hits"": [""猫"", ""宠物"", ""喵"", ""猫咪"", ""橘猫""]}, ""LF_SMART"": {""vote"": null, ""hits"": []}, ""LF_SUPPLY"": {""vote"": null, ""hits"": []}, ""LF_HEALTH"": {""vote"": ""C"", ""hits"": [""泌尿""]}, ""LF_A_BRAND_HW"": {""vote"": null, ""hits"": []}, ""LF_A_PET_HW_SMART"": {""vote"": null, ""hits"": []}, ""LF_B_PET_HW_PLAIN"": {""vote"": null, ""hits"": []}, ""LF_C_PET_ONLY"": {""vote"": ""C"", ""hits"": [""猫"", ""宠物"", ""喵"", ""猫咪""]}}",B,日常vlog,,0.5,0.5,猫咪日常搞笑内容,0.85,C,,
主动(改进用),93,猫咪尿闭几天会死亡,"猫咪,猫,猫咪尿闭",2146,C,,"{""C"": 1.9, ""B"": 1.5}","{""LF_NOISE"": {""vote"": null, ""hits"": []}, ""LF_GAME"": {""vote"": null, ""hits"": []}, ""LF_BRAND"": {""vote"": null, ""hits"": []}, ""LF_HW"": {""vote"": null, ""hits"": []}, ""LF_PET"": {""vote"": null, ""hits"": [""猫"", ""猫咪""]}, ""LF_SMART"": {""vote"": null, ""hits"": []}, ""LF_SUPPLY"": {""vote"": null, ""hits"": []}, ""LF_HEALTH"": {""vote"": ""C"", ""hits"": [""尿闭""]}, ""LF_A_BRAND_HW"": {""vote"": null, ""hits"": []}, ""LF_A_PET_HW_SMART"": {""vote"": null, ""hits"": []}, ""LF_B_PET_HW_PLAIN"": {""vote"": null, ""hits"": []}, ""LF_C_PET_ONLY"": {""vote"": ""C"", ""hits"": [""猫"", ""猫咪""]}}",B,健康医疗,,0.9,,猫咪尿闭疾病知识,0.85,C,,
主动(改进用),94,尿闭出院一周是高危期,"好兽医修炼日记,猫尿闭,康复护理",515,C,,"{""C"": 1.9, ""B"": 1.5}","{""LF_NOISE"": {""vote"": null, ""hits"": []}, ""LF_GAME"": {""vote"": null, ""hits"": []}, ""LF_BRAND"": {""vote"": null, ""hits"": []}, ""LF_HW"": {""vote"": null, ""hits"": []}, ""LF_PET"": {""vote"": null, ""hits"": [""猫""]}, ""LF_SMART"": {""vote"": null, ""hits"": []}, ""LF_SUPPLY"": {""vote"": null, ""hits"": []}, ""LF_HEALTH"": {""vote"": ""C"", ""hits"": [""尿闭""]}, ""LF_A_BRAND_HW"": {""vote"": null, ""hits"": []}, ""LF_A_PET_HW_SMART"": {""vote"": null, ""hits"": []}, ""LF_B_PET_HW_PLAIN"": {""vote"": null, ""hits"": []}, ""LF_C_PET_ONLY"": {""vote"": ""C"", ""hits"": [""猫""]}}",B,健康医疗,,0.9,,猫尿闭康复护理,0.85,C,,
主动(改进用),95,会说话的3D猫•听延吉泌尿专科医院广告,"喵星人,广告",890,C,,"{""C"": 1.9, ""N"": 1.5}","{""LF_NOISE"": {""vote"": null, ""hits"": []}, ""LF_GAME"": {""vote"": null, ""hits"": []}, ""LF_BRAND"": {""vote"": null, ""hits"": []}, ""LF_HW"": {""vote"": null, ""hits"": []}, ""LF_PET"": {""vote"": null, ""hits"": [""猫"", ""喵""]}, ""LF_SMART"": {""vote"": null, ""hits"": []}, ""LF_SUPPLY"": {""vote"": null, ""hits"": []}, ""LF_HEALTH"": {""vote"": ""C"", ""hits"": [""泌尿"", ""医院""]}, ""LF_A_BRAND_HW"": {""vote"": null, ""hits"": []}, ""LF_A_PET_HW_SMART"": {""vote"": null, ""hits"": []}, ""LF_B_PET_HW_PLAIN"": {""vote"": null, ""hits"": []}, ""LF_C_PET_ONLY"": {""vote"": ""C"", ""hits"": [""猫"", ""喵""]}}",N,非宠物,,0.85,,医院广告非宠物内容,0.85,C,N,
主动(改进用),96,猫咪尿闭如何导尿？,"猫尿闭,动物观察局,动物观察局·小动物治愈馆,猫自发性膀胱炎,猫导尿",5254,C,,"{""C"": 1.9, ""B"": 1.5}","{""LF_NOISE"": {""vote"": null, ""hits"": []}, ""LF_GAME"": {""vote"": null, ""hits"": []}, ""LF_BRAND"": {""vote"": null, ""hits"": []}, ""LF_HW"": {""vote"": null, ""hits"": []}, ""LF_PET"": {""vote"": null, ""hits"": [""猫"", ""猫咪""]}, ""LF_SMART"": {""vote"": null, ""hits"": []}, ""LF_SUPPLY"": {""vote"": null, ""hits"": []}, ""LF_HEALTH"": {""vote"": ""C"", ""hits"": [""尿闭""]}, ""LF_A_BRAND_HW"": {""vote"": null, ""hits"": []}, ""LF_A_PET_HW_SMART"": {""vote"": null, ""hits"": []}, ""LF_B_PET_HW_PLAIN"": {""vote"": null, ""hits"": []}, ""LF_C_PET_ONLY"": {""vote"": ""C"", ""hits"": [""猫"", ""猫咪""]}}",B,健康医疗,,0.9,,猫尿闭导尿医疗,0.85,C,,
主动(改进用),97,肾衰的猫咪真的很可怜,"喵星人,老年猫饭,益顿泌尿处方猫饭,益顿肾脏处方猫饭,肾衰猫咪,益顿猫饭,益顿湿粮,益顿,养猫,猫饭",1213,C,,"{""C"": 1.9, ""B"": 1.5}","{""LF_NOISE"": {""vote"": null, ""hits"": []}, ""LF_GAME"": {""vote"": null, ""hits"": []}, ""LF_BRAND"": {""vote"": null, ""hits"": []}, ""LF_HW"": {""vote"": null, ""hits"": []}, ""LF_PET"": {""vote"": null, ""hits"": [""猫"", ""喵"", ""猫咪""]}, ""LF_SMART"": {""vote"": null, ""hits"": []}, ""LF_SUPPLY"": {""vote"": null, ""hits"": []}, ""LF_HEALTH"": {""vote"": ""C"", ""hits"": [""泌尿""]}, ""LF_A_BRAND_HW"": {""vote"": null, ""hits"": []}, ""LF_A_PET_HW_SMART"": {""vote"": null, ""hits"": []}, ""LF_B_PET_HW_PLAIN"": {""vote"": null, ""hits"": []}, ""LF_C_PET_ONLY"": {""vote"": ""C"", ""hits"": [""猫"", ""喵"", ""猫咪""]}}",B,健康医疗,,0.9,,肾衰猫处方猫饭，耗材健康,0.85,C,,
主动(改进用),98,肾猫最煎熬的不是治病而是......,"喵星人,老年猫饭,益顿泌尿处方猫饭,益顿肾脏处方猫饭,肾衰猫咪,益顿猫饭,益顿湿粮,益顿,养猫,猫饭",1210,C,,"{""C"": 1.9, ""B"": 1.5}","{""LF_NOISE"": {""vote"": null, ""hits"": []}, ""LF_GAME"": {""vote"": null, ""hits"": []}, ""LF_BRAND"": {""vote"": null, ""hits"": []}, ""LF_HW"": {""vote"": null, ""hits"": []}, ""LF_PET"": {""vote"": null, ""hits"": [""猫"", ""喵"", ""猫咪""]}, ""LF_SMART"": {""vote"": null, ""hits"": []}, ""LF_SUPPLY"": {""vote"": null, ""hits"": []}, ""LF_HEALTH"": {""vote"": ""C"", ""hits"": [""泌尿""]}, ""LF_A_BRAND_HW"": {""vote"": null, ""hits"": []}, ""LF_A_PET_HW_SMART"": {""vote"": null, ""hits"": []}, ""LF_B_PET_HW_PLAIN"": {""vote"": null, ""hits"": []}, ""LF_C_PET_ONLY"": {""vote"": ""C"", ""hits"": [""猫"", ""喵"", ""猫咪""]}}",B,健康医疗,,0.9,,肾猫处方猫饭，健康耗材,0.85,C,,
主动(改进用),99,只吃处方粮的肾猫真的很可怜,"喵星人,老年猫饭,益顿泌尿处方猫饭,益顿肾脏处方猫饭,肾衰猫咪,益顿猫饭,益顿湿粮,益顿,养猫,猫饭",1207,C,,"{""C"": 1.9, ""B"": 1.5}","{""LF_NOISE"": {""vote"": null, ""hits"": []}, ""LF_GAME"": {""vote"": null, ""hits"": []}, ""LF_BRAND"": {""vote"": null, ""hits"": []}, ""LF_HW"": {""vote"": null, ""hits"": []}, ""LF_PET"": {""vote"": null, ""hits"": [""猫"", ""喵"", ""猫咪""]}, ""LF_SMART"": {""vote"": null, ""hits"": []}, ""LF_SUPPLY"": {""vote"": null, ""hits"": []}, ""LF_HEALTH"": {""vote"": ""C"", ""hits"": [""泌尿""]}, ""LF_A_BRAND_HW"": {""vote"": null, ""hits"": []}, ""LF_A_PET_HW_SMART"": {""vote"": null, ""hits"": []}, ""LF_B_PET_HW_PLAIN"": {""vote"": null, ""hits"": []}, ""LF_C_PET_ONLY"": {""vote"": ""C"", ""hits"": [""猫"", ""喵"", ""猫咪""]}}",B,健康医疗,,0.9,,处方粮肾猫，耗材健康,0.85,C,,
主动(改进用),100,3岁以上小猫注意肾衰危机！,"老年猫饭,益顿泌尿处方猫饭,喵星人,益顿肾脏处方猫饭,肾衰猫咪,益顿猫饭,益顿湿粮,益顿,养猫,猫饭",1201,C,,"{""C"": 1.9, ""B"": 1.5}","{""LF_NOISE"": {""vote"": null, ""hits"": []}, ""LF_GAME"": {""vote"": null, ""hits"": []}, ""LF_BRAND"": {""vote"": null, ""hits"": []}, ""LF_HW"": {""vote"": null, ""hits"": []}, ""LF_PET"": {""vote"": null, ""hits"": [""猫"", ""喵"", ""小猫"", ""猫咪""]}, ""LF_SMART"": {""vote"": null, ""hits"": []}, ""LF_SUPPLY"": {""vote"": null, ""hits"": []}, ""LF_HEALTH"": {""vote"": ""C"", ""hits"": [""泌尿""]}, ""LF_A_BRAND_HW"": {""vote"": null, ""hits"": []}, ""LF_A_PET_HW_SMART"": {""vote"": null, ""hits"": []}, ""LF_B_PET_HW_PLAIN"": {""vote"": null, ""hits"": []}, ""LF_C_PET_ONLY"": {""vote"": ""C"", ""hits"": [""猫"", ""喵"", ""小猫"", ""猫咪""]}}",B,健康医疗,,0.9,,肾衰危机科普，处方猫饭,0.85,C,,
